x,y,z
256.2969,-0.028854,286.2567
241.3138,-0.022692,286.3658
216.17,-0.017129,286.4734
191.9062,-0.012223,286.5793
168.5488,-0.00803,286.6826
146.1386,-0.00461,286.7831
124.7115,-0.002022,286.8803
104.3036,-0.000321,286.9735
84.95093,0.000438,287.0623
66.64115,0.000273,287.1467
49.35236,-0.000765,287.2267
33.05836,-0.002621,287.3023
17.73297,0,287.3737
3.352776,0,287.4408
-10.11408,0,287.5037
-22.69085,0,287.5625
-34.40369,0,287.6173
-45.27879,0,287.6681
-55.34042,0,287.715
-64.61873,0,287.7581
-73.13783,0,287.7973
-80.92387,0,287.8328
-88.00307,0,287.8647
-94.40157,0,287.893
-100.1445,0,287.9177
-105.2603,0,287.9389
-109.7739,0,287.9568
-113.7115,0,287.9713
-117.0994,0,287.9825
-119.9631,0,287.9904
-122.3299,0,287.9952
-124.2255,0,287.997
-125.6759,0,287.9957
-126.7074,0,287.9914
-127.3461,0,287.9842
-127.6184,0,287.9742
-128.6184,0,287.9742
-129.1123,0.026887,287.9742
-133.1509,0.026944,287.9742
-137.3553,0.026897,287.9742
-141.7194,0.026751,287.9742
-146.2368,0.026512,287.9742
-150.9013,0.026183,287.9742
-155.7067,0.02577,287.9742
-160.6466,0.025277,287.9742
-165.7148,0.024709,287.9742
-170.9051,0.024071,287.9742
-176.2111,0.023366,287.9742
-181.6266,0.022601,287.9742
-187.1453,0.021779,287.9742
-192.7609,0.020905,287.9742
-198.4673,0.019984,287.9742
-204.2581,0.01902,287.9742
-210.127,0.018019,287.9742
-216.0678,0.016984,287.9742
-222.0742,0.015921,287.9742
-228.14,0.014834,287.9742
-234.2589,0.013728,287.9742
-240.4245,0.012608,287.9742
-246.6307,0.011477,287.9742
-252.8712,0.010342,287.9742
-259.1396,0.009206,287.9742
-265.4299,0.008074,287.9742
-271.7356,0.006951,287.9742
-278.0505,0.005842,287.9742
-284.3683,0.004751,287.9742
-290.6829,0.003683,287.9742
-296.9878,0.002642,287.7202
-303.2768,0.001634,287.5298
-309.5437,0.000662,287.3381
-315.7823,-0.000268,287.1451
-321.9887,-0.001154,287.0499
-328.164,-0.001995,287.05
-334.3092,-0.002793,287.0431
-340.4255,-0.003548,287.0266
-346.5143,-0.00426,286.9981
-352.5768,-0.00493,286.9552
-358.614,-0.005559,286.8954
-364.6273,-0.006146,286.8162
-370.6179,-0.006694,286.7152
-376.587,-0.007201,286.5899
-382.5358,-0.007669,286.4379
-388.4656,-0.008098,286.2567
-394.3775,-0.008489,286.0437
-400.2728,-0.008843,285.7967
-406.1526,-0.009159,285.5131
-412.0183,-0.009438,285.1904
-417.8711,-0.009681,284.8262
-423.7121,-0.009889,284.4181
-429.5425,-0.010062,283.9635
-435.3637,-0.0102,283.4601
-441.1768,-0.010304,282.9052
-446.983,-0.010374,282.2966
-452.7837,-0.010412,281.6317
-458.5798,-0.010417,280.9081
-464.3728,-0.010391,280.1233
-470.1638,-0.010333,279.2748
-475.9539,-0.010245,278.3602
-481.7446,-0.010126,277.3771
-487.537,-0.009977,276.3229
-493.3322,-0.0098,275.1952
-499.1315,-0.009593,273.9915
-504.9362,-0.009359,272.7095
-510.7474,-0.009097,271.3466
-516.5664,-0.008808,269.9003
-522.3944,-0.008493,268.3683
-528.2327,-0.008151,266.7479
-534.0823,-0.007784,265.0369
-539.9446,-0.007393,263.2327
-545.8207,-0.006977,261.3329
-551.7119,-0.006537,259.3349
-557.6196,-0.006074,257.2364
-563.5446,-0.005588,255.0349
-569.4885,-0.00508,252.7279
-575.4523,-0.00455,250.313
-581.4373,-0.003999,247.7876
-587.4447,-0.003428,245.1494
-593.4757,-0.002836,242.3959
-599.5316,-0.002226,239.5246
-605.6135,-0.001596,236.5331
-611.7228,-0.000947,233.4189
-617.8605,-0.000281,230.1794
-624.0278,0.000459,226.8125
-630.2222,0.002225,223.3167
-636.4386,0.006681,219.6918
-642.6719,0.015513,215.9375
-648.917,0.030408,212.0535
-655.1686,0.053049,208.0394
-661.4214,0.085123,203.8949
-667.6705,0.128315,199.6198
-673.9107,0.184311,195.2138
-680.1368,0.254797,190.6764
-686.3437,0.341458,186.0075
-692.5261,0.445978,181.2066
-698.6788,0.570045,176.2736
-704.7968,0.715343,171.2081
-710.8749,0.883559,166.0098
-716.9078,1.076376,160.6783
-722.8906,1.295482,155.2134
-728.8178,1.542561,149.6148
-734.6846,1.819299,143.8822
-740.4854,2.127378,138.0152
-746.2153,2.46849,132.0136
-751.8693,2.844318,125.877
-757.442,3.256547,119.6052
-762.9281,3.706863,113.1978
-768.3228,4.196951,106.6544
-773.6207,4.728497,99.97496
-778.8167,5.303185,93.15899
-783.9056,5.922703,86.20621
-788.8823,6.588734,79.11633
-793.7416,7.302966,71.88905
-798.4783,8.067073,64.52414
-803.0872,8.882759,57.02111
-807.5632,9.751702,49.37975
-811.9012,10.67559,41.59975
-816.0959,11.6561,33.68081
-820.1423,12.69492,25.62262
-824.0352,13.79375,17.42486
-827.7693,14.95426,9.087246
-831.3395,16.17813,0.609455
-834.7406,17.46706,-8.00882
-837.9677,18.82273,-16.76787
-841.0151,20.24683,-25.66801
-843.8782,21.74103,-34.70946
-846.5515,23.30703,-43.89271
-849.0299,24.94652,-53.21797
-851.3082,26.66118,-62.68556
-853.3815,28.45268,-72.29576
-855.2443,30.32273,-82.04892
-856.8916,32.27301,-91.9453
-858.3182,34.30519,-101.9852
-859.5189,36.42097,-112.169
-860.4886,38.62203,-122.497
-861.2229,40.90998,-132.9696
-861.7227,43.28601,-143.5885
-861.9905,45.75112,-154.3557
-862.0285,48.30639,-165.2736
-861.8397,50.95284,-176.344
-861.4263,53.69149,-187.5691
-860.7908,56.52337,-198.9509
-859.9361,59.4495,-210.4915
-858.8642,62.47094,-222.1929
-857.5779,65.5887,-234.0574
-856.0798,68.80383,-246.0869
-854.3722,72.11732,-258.2835
-852.4578,75.53024,-270.6493
-850.3391,79.04357,-283.1862
-848.0186,82.65842,-295.8967
-845.4986,86.37578,-308.7825
-842.782,90.19669,-321.8459
-839.871,94.12216,-335.0889
-836.7684,98.15326,-348.5135
-833.4766,102.291,-362.1219
-829.998,106.5364,-375.9162
-826.3351,110.8904,-389.8983
-822.4908,115.3543,-404.0705
-818.4672,119.9288,-418.4347
-814.2671,124.6152,-432.993
-809.8928,129.4143,-447.7474
-805.3471,134.3274,-462.7003
-800.6322,139.3553,-477.8535
-795.7508,144.4991,-493.2092
-790.7054,149.7599,-508.7695
-785.4985,155.1387,-524.5364
-780.1326,160.6364,-540.512
-774.6104,166.2542,-556.6982
-768.9341,171.9931,-573.0975
-763.1065,177.8541,-589.7115
-757.13,183.8382,-606.5427
-751.0071,189.9465,-623.593
-744.7405,196.1799,-640.8641
-738.3324,202.5396,-658.3588
-731.7856,209.0266,-676.0787
-725.1025,215.6418,-694.0261
-718.2856,222.3864,-712.203
-711.3375,229.2613,-730.6115
-704.2607,236.2676,-749.2535
-697.0577,243.4063,-768.1313
-689.7311,250.6784,-787.2469
-682.2833,258.0851,-806.6024
-674.7169,265.6272,-826.1998
-667.0344,273.3058,-846.0411
-659.2382,281.122,-866.1286
-651.3311,289.0768,-886.4644
-643.3152,297.1714,-907.0507
-635.1933,305.4055,-927.8873
-626.9665,313.7776,-948.9717
-618.6369,322.2848,-970.2994
-610.2057,330.9251,-991.8665
-601.6745,339.6963,-1013.67
-593.045,348.5956,-1035.705
-584.3185,357.6212,-1057.968
-575.4968,366.7701,-1080.455
-566.5813,376.0406,-1103.163
-557.5738,385.4299,-1126.087
-548.4755,394.936,-1149.223
-539.2884,404.5562,-1172.568
-530.0135,414.2885,-1196.118
-520.653,424.1302,-1219.868
-511.208,434.079,-1243.815
-501.6801,444.133,-1267.956
-492.0711,454.2894,-1292.285
-482.3822,464.5461,-1316.801
-472.6154,474.9005,-1341.497
-462.7717,485.3506,-1366.371
-452.8533,495.8937,-1391.418
-442.8612,506.5279,-1416.635
-432.7974,517.2502,-1442.018
-422.6631,528.0589,-1467.563
-412.4602,538.9511,-1493.266
-402.19,549.9247,-1519.123
-391.854,560.9778,-1545.131
-381.4541,572.1073,-1571.284
-370.9913,583.3115,-1597.581
-360.4679,594.5873,-1624.016
-349.8848,605.9333,-1650.586
-339.244,617.3463,-1677.287
-328.5466,628.8246,-1704.115
-317.7948,640.3652,-1731.066
-306.9895,651.9666,-1758.136
-296.1328,663.6255,-1785.321
-285.2258,675.3403,-1812.619
-274.2704,687.1082,-1840.023
-263.2682,698.927,-1867.531
-252.2203,710.7947,-1895.139
-241.1287,722.7084,-1922.843
-229.9947,734.6662,-1950.639
-218.8201,746.6653,-1978.523
-207.6061,758.7039,-2006.492
-196.3547,770.7791,-2034.54
-185.0671,782.8891,-2062.666
-173.7452,795.0309,-2090.864
-162.39,807.2029,-2119.13
-151.0038,819.402,-2147.462
-139.5878,831.6263,-2175.854
-128.1432,843.8737,-2204.303
-116.6722,856.1412,-2232.806
-105.1771,868.4257,-2261.355
-93.66257,880.7218,-2289.939
-82.13231,893.0248,-2318.549
-70.59111,905.3294,-2347.173
-59.04259,917.631,-2375.802
-47.49158,929.9238,-2404.424
-35.94172,942.2036,-2433.03
-24.39778,954.4647,-2461.608
-12.86373,966.7023,-2490.148
-1.343493,978.9117,-2518.641
10.15813,991.0873,-2547.075
21.63749,1003.225,-2575.44
33.08979,1015.318,-2603.724
44.51138,1027.363,-2631.919
55.89747,1039.354,-2660.013
67.24439,1051.287,-2687.996
78.54738,1063.155,-2715.857
89.80274,1074.955,-2743.587
101.0057,1086.681,-2771.173
112.1526,1098.329,-2798.607
123.2387,1109.892,-2825.877
134.26,1121.366,-2852.972
145.2126,1132.746,-2879.884
156.0917,1144.028,-2906.599
166.8935,1155.205,-2933.11
177.6135,1166.273,-2959.404
188.2478,1177.227,-2985.472
198.7917,1188.062,-3011.303
209.2415,1198.773,-3036.886
219.5925,1209.354,-3062.211
229.8409,1219.801,-3087.268
239.9821,1230.109,-3112.046
250.0121,1240.272,-3136.533
259.9268,1250.286,-3160.722
269.7216,1260.145,-3184.599
279.3927,1269.845,-3208.156
288.9355,1279.381,-3231.381
298.3461,1288.747,-3254.265
307.6199,1297.938,-3276.795
316.7531,1306.95,-3298.963
325.7411,1315.777,-3320.757
334.58,1324.414,-3342.168
343.2653,1332.857,-3363.184
351.7929,1341.1,-3383.795
360.1587,1349.138,-3403.99
368.3582,1356.966,-3423.76
376.3875,1364.579,-3443.094
384.242,1371.972,-3461.98
391.9179,1379.141,-3480.409
399.4106,1386.079,-3498.37
406.7162,1392.782,-3515.853
413.8308,1399.246,-3532.849
420.7572,1405.472,-3549.36
427.5006,1411.465,-3565.397
434.0666,1417.229,-3580.969
440.4603,1422.769,-3596.086
446.6875,1428.089,-3610.757
452.7535,1433.195,-3624.992
458.6637,1438.089,-3638.801
464.4237,1442.778,-3652.193
470.0388,1447.266,-3665.178
475.5144,1451.557,-3677.765
480.856,1455.655,-3689.965
486.0691,1459.566,-3701.787
491.159,1463.294,-3713.239
496.1313,1466.844,-3724.332
500.9912,1470.219,-3735.076
505.7443,1473.425,-3745.481
510.3962,1476.466,-3755.555
514.952,1479.346,-3765.308
519.4174,1482.072,-3774.751
523.7976,1484.646,-3783.893
528.0984,1487.073,-3792.742
532.3248,1489.358,-3801.309
536.4827,1491.506,-3809.605
540.577,1493.521,-3817.637
544.6136,1495.407,-3825.416
548.5977,1497.17,-3832.951
552.5349,1498.814,-3840.252
556.4305,1500.343,-3847.33
560.2899,1501.761,-3854.192
564.1188,1503.074,-3860.849
567.9222,1504.287,-3867.311
571.706,1505.403,-3873.587
575.4753,1506.427,-3879.686
579.2358,1507.364,-3885.619
582.9927,1508.217,-3891.395
586.7517,1508.993,-3897.023
590.5179,1509.695,-3902.513
594.2971,1510.329,-3907.876
598.0944,1510.897,-3913.12
601.9154,1511.406,-3918.255
605.7656,1511.86,-3923.291
609.6504,1512.262,-3928.236
613.5752,1512.619,-3933.102
617.5454,1512.933,-3937.897
621.5665,1513.211,-3942.632
625.644,1513.456,-3947.316
629.7832,1513.673,-3951.957
633.9896,1513.867,-3956.567
638.2687,1514.042,-3961.154
642.6258,1514.202,-3965.729
647.0663,1514.353,-3970.301
651.5948,1514.498,-3974.877
656.2106,1514.637,-3979.456
660.9129,1514.772,-3984.038
665.7005,1514.901,-3988.62
670.5723,1515.025,-3993.199
675.5272,1515.145,-3997.775
680.5644,1515.259,-4002.344
685.6822,1515.369,-4006.906
690.88,1515.474,-4011.458
696.1564,1515.575,-4015.998
701.5104,1515.672,-4020.524
706.9412,1515.764,-4025.034
712.4472,1515.852,-4029.526
718.0277,1515.936,-4033.999
723.6813,1516.016,-4038.449
729.4073,1516.093,-4042.877
735.2041,1516.165,-4047.278
741.071,1516.234,-4051.651
747.0067,1516.299,-4055.995
753.0102,1516.361,-4060.307
759.0803,1516.42,-4064.585
765.2161,1516.475,-4068.828
771.4161,1516.528,-4073.034
777.6796,1516.577,-4077.199
784.0054,1516.623,-4081.323
790.3923,1516.667,-4085.404
796.8395,1516.707,-4089.439
803.3454,1516.746,-4093.426
809.9094,1516.781,-4097.364
816.53,1516.815,-4101.251
823.2064,1516.846,-4105.084
829.9373,1516.875,-4108.861
836.7218,1516.901,-4112.582
843.5585,1516.926,-4116.243
850.4465,1516.949,-4119.842
857.3849,1516.97,-4123.379
864.3722,1516.99,-4126.85
871.4077,1517.008,-4130.253
878.4899,1517.024,-4133.587
885.618,1517.039,-4136.851
892.7908,1517.053,-4140.041
900.0072,1517.066,-4143.156
907.2661,1517.077,-4146.193
914.5664,1517.088,-4149.152
921.907,1517.098,-4152.029
929.2867,1517.107,-4154.823
936.7048,1517.116,-4157.533
944.1597,1517.124,-4160.155
951.6508,1517.131,-4162.688
959.1763,1517.138,-4165.13
966.7359,1517.145,-4167.479
974.3281,1517.152,-4169.733
981.9515,1517.159,-4171.892
989.6049,1517.166,-4173.953
997.2869,1517.172,-4175.918
1004.997,1517.178,-4177.787
1012.732,1517.184,-4179.56
1020.491,1517.189,-4181.236
1028.274,1517.193,-4182.815
1036.078,1517.197,-4184.298
1043.903,1517.2,-4185.685
1051.746,1517.202,-4186.975
1059.607,1517.203,-4188.168
1067.484,1517.203,-4189.264
1075.376,1517.202,-4190.264
1083.281,1517.199,-4191.167
1091.197,1517.195,-4191.973
1099.124,1517.19,-4192.683
1107.06,1517.183,-4193.295
1115.004,1517.175,-4193.811
1122.954,1517.164,-4194.229
1130.909,1517.152,-4194.552
1138.867,1517.138,-4194.776
1146.828,1517.123,-4194.904
1154.789,1517.104,-4194.935
1162.75,1517.084,-4194.868
1170.708,1517.062,-4194.705
1178.663,1517.037,-4194.444
1186.613,1517.01,-4194.086
1194.556,1516.98,-4193.63
1202.492,1516.948,-4193.078
1210.418,1516.912,-4192.428
1218.335,1516.874,-4191.681
1226.239,1516.833,-4190.836
1234.13,1516.789,-4189.894
1242.006,1516.742,-4188.854
1249.866,1516.692,-4187.717
1257.709,1516.638,-4186.482
1265.532,1516.581,-4185.15
1273.336,1516.521,-4183.72
1281.118,1516.457,-4182.192
1288.876,1516.39,-4180.567
1296.61,1516.318,-4178.844
1304.318,1516.243,-4177.023
1311.999,1516.164,-4175.105
1319.652,1516.081,-4173.088
1327.274,1515.994,-4170.974
1334.864,1515.902,-4168.762
1342.422,1515.807,-4166.452
1349.946,1515.707,-4164.043
1357.433,1515.602,-4161.537
1364.884,1515.493,-4158.933
1372.296,1515.379,-4156.23
1379.668,1515.261,-4153.43
1387,1515.138,-4150.531
1394.29,1515.011,-4147.536
1401.539,1514.879,-4144.443
1408.744,1514.745,-4141.255
1415.906,1514.607,-4137.97
1423.025,1514.466,-4134.591
1430.099,1514.322,-4131.116
1437.128,1514.176,-4127.548
1444.111,1514.028,-4123.887
1451.048,1513.879,-4120.131
1457.938,1513.728,-4116.284
1464.78,1513.576,-4112.345
1471.574,1513.424,-4108.313
1478.32,1513.271,-4104.191
1485.016,1513.119,-4099.979
1491.661,1512.966,-4095.677
1498.257,1512.815,-4091.286
1504.801,1512.664,-4086.805
1511.293,1512.514,-4082.236
1517.733,1512.367,-4077.58
1524.119,1512.221,-4072.836
1530.452,1512.077,-4068.005
1536.731,1511.937,-4063.088
1542.954,1511.799,-4058.086
1549.122,1511.664,-4052.998
1555.234,1511.533,-4047.826
1561.289,1511.406,-4042.569
1567.287,1511.283,-4037.229
1573.226,1511.165,-4031.807
1579.107,1511.051,-4026.301
1584.929,1510.943,-4020.713
1590.69,1510.841,-4015.045
1596.392,1510.744,-4009.295
1602.032,1510.653,-4003.465
1607.61,1510.569,-3997.554
1613.126,1510.492,-3991.564
1618.579,1510.423,-3985.497
1623.969,1510.36,-3979.35
1629.294,1510.306,-3973.125
1634.554,1510.26,-3966.824
1639.749,1510.222,-3960.445
1644.878,1510.193,-3953.991
1649.94,1510.173,-3947.461
1654.936,1510.163,-3940.855
1659.863,1510.162,-3934.176
1664.721,1510.172,-3927.422
1669.511,1510.192,-3920.594
1674.23,1510.223,-3913.694
1678.88,1510.265,-3906.72
1683.458,1510.318,-3899.676
1687.965,1510.384,-3892.56
1692.399,1510.461,-3885.372
1696.762,1510.55,-3878.117
1701.053,1510.65,-3870.796
1705.272,1510.761,-3863.412
1709.42,1510.883,-3855.968
1713.497,1511.014,-3848.466
1717.502,1511.155,-3840.91
1721.437,1511.305,-3833.301
1725.302,1511.464,-3825.643
1729.096,1511.63,-3817.939
1732.82,1511.805,-3810.189
1736.474,1511.987,-3802.4
1740.059,1512.176,-3794.571
1743.574,1512.371,-3786.707
1747.02,1512.572,-3778.809
1750.397,1512.779,-3770.881
1753.705,1512.991,-3762.926
1756.945,1513.207,-3754.945
1760.117,1513.428,-3746.942
1763.22,1513.653,-3738.919
1766.256,1513.881,-3730.879
1769.224,1514.111,-3722.826
1772.125,1514.345,-3714.76
1774.958,1514.58,-3706.686
1777.724,1514.817,-3698.606
1780.424,1515.055,-3690.522
1783.057,1515.294,-3682.438
1785.624,1515.533,-3674.356
1788.125,1515.772,-3666.278
1790.56,1516.011,-3658.208
1792.929,1516.248,-3650.148
1795.233,1516.484,-3642.102
1797.472,1516.718,-3634.07
1799.646,1516.95,-3626.057
1801.754,1517.178,-3618.065
1803.799,1517.404,-3610.097
1805.779,1517.626,-3602.154
1807.695,1517.843,-3594.241
1809.547,1518.057,-3586.36
1811.335,1518.265,-3578.514
1813.061,1518.467,-3570.704
1814.722,1518.664,-3562.935
1816.321,1518.855,-3555.208
1817.857,1519.039,-3547.527
1819.331,1519.215,-3539.894
1820.742,1519.384,-3532.311
1822.091,1519.545,-3524.781
1823.378,1519.697,-3517.309
1824.604,1519.841,-3509.895
1825.768,1519.974,-3502.542
1826.871,1520.099,-3495.254
1827.913,1520.212,-3488.033
1828.895,1520.315,-3480.879
1829.823,1520.407,-3473.788
1830.702,1520.486,-3466.752
1831.536,1520.552,-3459.769
1832.332,1520.604,-3452.831
1833.093,1520.642,-3445.934
1833.825,1520.664,-3439.07
1834.533,1520.67,-3432.236
1835.223,1520.659,-3425.425
1835.899,1520.631,-3418.633
1836.566,1520.584,-3411.853
1837.23,1520.517,-3405.08
1837.896,1520.431,-3398.309
1838.569,1520.324,-3391.532
1839.254,1520.195,-3384.747
1839.956,1520.045,-3377.946
1840.681,1519.871,-3371.124
1841.432,1519.673,-3364.276
1842.217,1519.451,-3357.396
1843.038,1519.203,-3350.479
1843.903,1518.929,-3343.519
1844.816,1518.629,-3336.51
1845.781,1518.3,-3329.447
1846.805,1517.944,-3322.324
1847.892,1517.558,-3315.137
1849.047,1517.142,-3307.879
1850.276,1516.695,-3300.544
1851.583,1516.217,-3293.129
1852.974,1515.707,-3285.625
1854.454,1515.164,-3278.029
1856.028,1514.586,-3270.334
1857.701,1513.975,-3262.536
1859.479,1513.328,-3254.628
1861.365,1512.645,-3246.605
1863.366,1511.925,-3238.461
1865.487,1511.167,-3230.192
1867.732,1510.371,-3221.791
1870.107,1509.536,-3213.252
1872.617,1508.661,-3204.571
1875.267,1507.745,-3195.742
1878.063,1506.788,-3186.759
1881.008,1505.789,-3177.616
1884.11,1504.746,-3168.309
1887.371,1503.66,-3158.831
1890.799,1502.53,-3149.178
1894.397,1501.354,-3139.342
1898.171,1500.132,-3129.32
1902.126,1498.863,-3119.105
1906.267,1497.547,-3108.693
1910.6,1496.182,-3098.076
1915.129,1494.768,-3087.25
1919.859,1493.304,-3076.21
1924.792,1491.79,-3064.956
1929.925,1490.225,-3053.491
1935.255,1488.607,-3041.823
1940.779,1486.937,-3029.957
1946.495,1485.214,-3017.897
1952.4,1483.436,-3005.648
1958.491,1481.604,-2993.217
1964.765,1479.716,-2980.608
1971.22,1477.773,-2967.827
1977.853,1475.772,-2954.879
1984.662,1473.715,-2941.77
1991.643,1471.599,-2928.504
1998.794,1469.424,-2915.088
2006.111,1467.19,-2901.526
2013.593,1464.896,-2887.823
2021.238,1462.542,-2873.985
2029.04,1460.125,-2860.018
2036.999,1457.647,-2845.927
2045.111,1455.106,-2831.716
2053.374,1452.501,-2817.392
2061.785,1449.832,-2802.958
2070.341,1447.098,-2788.422
2079.039,1444.299,-2773.787
2087.877,1441.433,-2759.061
2096.853,1438.5,-2744.247
2105.962,1435.5,-2729.351
2115.203,1432.432,-2714.378
2124.573,1429.295,-2699.335
2134.069,1426.088,-2684.224
2143.688,1422.81,-2669.054
2153.427,1419.462,-2653.828
2163.285,1416.042,-2638.552
2173.258,1412.55,-2623.232
2183.343,1408.985,-2607.871
2193.538,1405.346,-2592.477
2203.84,1401.633,-2577.053
2214.246,1397.844,-2561.607
2224.753,1393.98,-2546.141
2235.36,1390.04,-2530.664
2246.062,1386.022,-2515.178
2256.857,1381.927,-2499.69
2267.744,1377.753,-2484.205
2278.718,1373.5,-2468.729
2289.776,1369.167,-2453.266
2300.917,1364.754,-2437.822
2312.138,1360.26,-2422.402
2323.436,1355.684,-2407.011
2334.808,1351.025,-2391.656
2346.251,1346.283,-2376.341
2357.763,1341.457,-2361.072
2369.342,1336.547,-2345.852
2380.983,1331.551,-2330.689
2392.688,1326.47,-2315.581
2404.456,1321.303,-2300.526
2416.288,1316.05,-2285.523
2428.186,1310.711,-2270.569
2440.149,1305.285,-2255.662
2452.177,1299.772,-2240.8
2464.272,1294.172,-2225.98
2476.435,1288.484,-2211.202
2488.665,1282.709,-2196.463
2500.963,1276.846,-2181.76
2513.33,1270.895,-2167.092
2525.766,1264.855,-2152.456
2538.272,1258.727,-2137.851
2550.848,1252.51,-2123.275
2563.496,1246.204,-2108.725
2576.215,1239.808,-2094.199
2589.006,1233.322,-2079.694
2601.87,1226.747,-2065.211
2614.806,1220.081,-2050.745
2627.817,1213.325,-2036.296
2640.902,1206.478,-2021.859
2654.062,1199.54,-2007.435
2667.297,1192.511,-1993.021
2680.608,1185.391,-1978.615
2693.997,1178.178,-1964.213
2707.462,1170.874,-1949.816
2721.005,1163.477,-1935.419
2734.625,1155.988,-1921.023
2748.325,1148.406,-1906.623
2762.105,1140.73,-1892.218
2775.964,1132.962,-1877.807
2789.903,1125.1,-1863.386
2803.924,1117.144,-1848.955
2818.027,1109.093,-1834.51
2832.211,1100.949,-1820.05
2846.478,1092.71,-1805.573
2860.828,1084.376,-1791.077
2875.262,1075.948,-1776.559
2889.782,1067.423,-1762.017
2904.385,1058.803,-1747.45
2919.074,1050.087,-1732.856
2933.849,1041.275,-1718.231
2948.712,1032.366,-1703.575
2963.661,1023.361,-1688.885
2978.698,1014.259,-1674.159
2993.823,1005.06,-1659.395
3009.037,995.7629,-1644.589
3024.341,986.3685,-1629.743
3039.734,976.8762,-1614.852
3055.218,967.2857,-1599.915
3070.793,957.5966,-1584.93
3086.459,947.8094,-1569.894
3102.209,937.9288,-1554.813
3118.039,927.9587,-1539.689
3133.942,917.9036,-1524.527
3149.913,907.7675,-1509.329
3165.945,897.5554,-1494.101
3182.033,887.2715,-1478.845
3198.17,876.9202,-1463.566
3214.352,866.5053,-1448.265
3230.571,856.0323,-1432.949
3246.823,845.505,-1417.621
3263.101,834.9279,-1402.284
3279.399,824.3053,-1386.942
3295.712,813.6412,-1371.597
3312.033,802.941,-1356.256
3328.357,792.2085,-1340.921
3344.678,781.4482,-1325.596
3360.99,770.6639,-1310.284
3377.287,759.861,-1294.99
3393.562,749.0436,-1279.717
3409.811,738.2159,-1264.469
3426.027,727.3824,-1249.25
3442.206,716.547,-1234.062
3458.339,705.715,-1218.911
3474.422,694.8904,-1203.8
3490.449,684.0776,-1188.733
3506.415,673.2805,-1173.712
3522.312,662.5044,-1158.743
3538.135,651.7532,-1143.829
3553.878,641.0316,-1128.973
3569.536,630.3431,-1114.179
3585.102,619.6933,-1099.451
3600.571,609.0862,-1084.794
3615.937,598.5259,-1070.209
3631.193,588.0171,-1055.702
3646.334,577.5635,-1041.276
3661.354,567.1708,-1026.934
3676.248,556.8425,-1012.682
3691.008,546.5832,-998.5211
3705.631,536.3968,-984.4557
3720.108,526.2887,-970.4907
3734.436,516.2628,-956.6292
3748.606,506.3235,-942.8748
3762.616,496.4747,-929.2307
3776.456,486.7218,-915.7018
3790.123,477.0687,-902.2914
3803.61,467.5197,-889.0031
3816.911,458.0794,-875.8406
3830.021,448.7516,-862.807
3842.933,439.5417,-849.9075
3855.641,430.4536,-837.1451
3868.14,421.4916,-824.5233
3880.429,412.6578,-812.0427
3892.509,403.9533,-799.7015
3904.383,395.3773,-787.4961
3916.055,386.9297,-775.4235
3927.527,378.6106,-763.4806
3938.804,370.4193,-751.6639
3949.888,362.3566,-739.9714
3960.782,354.422,-728.3996
3971.489,346.6153,-716.9454
3982.012,338.936,-705.6053
3992.355,331.3848,-694.3772
4002.52,323.9613,-683.2576
4012.511,316.6653,-672.2437
4022.331,309.4963,-661.3315
4031.983,302.455,-650.5195
4041.469,295.5409,-639.8037
4050.793,288.7538,-629.1814
4059.959,282.0937,-618.6493
4068.969,275.5601,-608.204
4077.826,269.1535,-597.8436
4086.534,262.8737,-587.5643
4095.095,256.7203,-577.3633
4103.514,250.693,-567.2369
4111.791,244.7924,-557.1832
4119.931,239.0179,-547.1985
4127.938,233.3696,-537.28
4135.813,227.8472,-527.4245
4143.561,222.4504,-517.6285
4151.185,217.1797,-507.89
4158.686,212.0346,-498.2054
4166.068,207.015,-488.5717
4173.336,202.1207,-478.9854
4180.491,197.3519,-469.4445
4187.537,192.7083,-459.9454
4194.477,188.1898,-450.485
4201.314,183.7961,-441.06
4208.051,179.5275,-431.6681
4214.69,175.3837,-422.3059
4221.237,171.3645,-412.9704
4227.693,167.47,-403.6585
4234.062,163.6996,-394.3667
4240.345,160.0538,-385.093
4246.548,156.5323,-375.8337
4252.672,153.1349,-366.586
4258.722,149.8613,-357.3463
4264.699,146.7118,-348.1124
4270.607,143.6861,-338.881
4276.451,140.784,-329.6489
4282.231,138.0054,-320.4127
4287.951,135.3504,-311.1703
4293.616,132.8188,-301.9181
4299.226,130.4102,-292.6527
4304.783,128.1232,-283.3737
4310.287,125.9548,-274.0777
4315.732,123.9029,-264.7652
4321.123,121.9644,-255.4329
4326.456,120.137,-246.0805
4331.727,118.4182,-236.7074
4336.939,116.8051,-227.3103
4342.089,115.2952,-217.889
4347.176,113.8862,-208.4428
4352.198,112.5751,-198.9686
4357.154,111.3596,-189.4668
4362.045,110.2369,-179.9342
4366.866,109.2045,-170.3703
4371.619,108.2598,-160.7747
4376.3,107.4002,-151.144
4380.91,106.6231,-141.4789
4385.447,105.9259,-131.7761
4389.911,105.306,-122.035
4394.297,104.7609,-112.2553
4398.608,104.2878,-102.4337
4402.84,103.8843,-92.56973
4406.994,103.5478,-82.66298
4411.066,103.2755,-72.71013
4415.057,103.0651,-62.71176
4418.965,102.9137,-52.66451
4422.79,102.8189,-42.56799
4426.528,102.7781,-32.42179
4430.18,102.7886,-22.22255
4433.744,102.8479,-11.97088
4437.219,102.9534,-1.663383
4440.604,103.1024,8.700329
4443.896,103.2925,19.12059
4447.097,103.5209,29.60086
4450.202,103.7851,40.14043
4453.213,104.0825,50.74279
4456.127,104.4106,61.40829
4458.943,104.7666,72.13725
4461.661,105.148,82.93314
4464.278,105.5523,93.79634
4466.793,105.9767,104.7271
4469.207,106.4189,115.729
4471.515,106.876,126.8013
4473.719,107.3456,137.9474
4475.816,107.825,149.1678
4477.806,108.3117,160.4626
4479.686,108.803,171.8356
4481.457,109.2964,183.2858
4483.116,109.7892,194.8168
4484.662,110.279,206.429
4486.094,110.7629,218.1225
4487.412,111.2386,229.9011
4488.612,111.7037,241.7641
4489.694,112.1576,253.7071
4490.653,112.5999,265.7284
4491.485,113.0302,277.8215
4492.189,113.4485,289.9845
4492.761,113.8542,302.2121
4493.198,114.2471,314.499
4493.496,114.6269,326.8434
4493.652,114.9933,339.2387
4493.664,115.346,351.6833
4493.528,115.6846,364.1718
4493.241,116.0089,376.6987
4492.799,116.3186,389.2625
4492.201,116.6133,401.8577
4491.441,116.8927,414.4788
4490.519,117.1566,427.1244
4489.428,117.4045,439.7876
4488.168,117.6364,452.4669
4486.735,117.8517,465.1568
4485.125,118.0502,477.852
4483.336,118.2316,490.5508
4481.365,118.3956,503.2465
4479.208,118.5419,515.9376
4476.86,118.6702,528.6185
4474.322,118.7801,541.2839
4471.588,118.8713,553.9323
4468.655,118.9436,566.5579
4465.521,118.9967,579.1558
4462.183,119.0302,591.7239
4458.636,119.0438,604.2558
4454.878,119.0373,616.7498
4450.906,119.0102,629.2004
4446.716,118.9624,641.6024
4442.306,118.8934,653.954
4437.672,118.8031,666.2487
4432.811,118.691,678.4845
4427.72,118.5569,690.6563
4422.396,118.4004,702.7587
4416.835,118.2214,714.79
4411.035,118.0193,726.7446
4404.992,117.7941,738.6175
4398.703,117.5452,750.4066
4392.166,117.2725,762.1057
4385.376,116.9756,773.7128
4378.331,116.6542,785.2226
4371.027,116.308,796.6299
4363.461,115.9367,807.9326
4355.631,115.5401,819.1246
4347.533,115.1176,830.2037
4339.163,114.6692,841.1649
4330.52,114.1945,852.0027
4321.599,113.6931,862.7153
4312.401,113.166,873.2966
4302.931,112.6161,883.7454
4293.198,112.0468,894.0572
4283.209,111.4613,904.2277
4272.97,110.8629,914.2558
4262.487,110.2547,924.1368
4251.77,109.6402,933.8667
4240.823,109.0224,943.444
4229.655,108.4047,952.8633
4218.271,107.7903,962.1234
4206.681,107.1824,971.2198
4194.891,106.5844,980.1487
4182.905,105.9995,988.908
4170.735,105.4309,997.4929
4158.383,104.8819,1005.902
4145.86,104.3557,1014.13
4133.171,103.8556,1022.175
4120.324,103.3849,1030.033
4107.324,102.9467,1037.701
4094.181,102.5444,1045.175
4080.9,102.1812,1052.452
4067.49,101.8604,1059.529
4053.955,101.5852,1066.403
4040.303,101.3588,1073.07
4026.543,101.1845,1079.526
4012.68,101.0657,1085.769
3998.723,101.0054,1091.795
3984.676,101.007,1097.601
3970.547,101.0738,1103.184
3956.346,101.2089,1108.539
3942.076,101.4157,1113.665
3927.746,101.6973,1118.557
3913.364,102.0571,1123.212
3898.935,102.4984,1127.627
3884.467,103.0242,1131.798
3869.966,103.6379,1135.723
3855.44,104.3429,1139.397
3840.897,105.1422,1142.818
3826.342,106.0392,1145.982
3811.784,107.037,1148.886
3797.227,108.1391,1151.526
3782.681,109.3486,1153.9
3768.152,110.6687,1156.004
3753.646,112.1029,1157.834
3739.172,113.6542,1159.387
3724.736,115.3259,1160.66
3710.344,117.1213,1161.65
3696.006,119.0436,1162.353
3681.726,121.0962,1162.765
3667.511,123.2823,1162.885
3653.371,125.6049,1162.707
3639.31,128.0674,1162.23
3625.333,130.6695,1161.452
3611.442,133.4091,1160.376
3597.637,136.2833,1159.004
3583.922,139.2892,1157.338
3570.296,142.4246,1155.379
3556.762,145.6868,1153.131
3543.323,149.0727,1150.595
3529.977,152.5803,1147.773
3516.728,156.2064,1144.667
3503.577,159.9489,1141.28
3490.526,163.805,1137.613
3477.576,167.7716,1133.669
3464.728,171.8468,1129.449
3451.985,176.0272,1124.957
3439.347,180.3109,1120.193
3426.816,184.6951,1115.16
3414.396,189.1764,1109.86
3402.085,193.7533,1104.295
3389.886,198.4222,1098.467
3377.8,203.1813,1092.379
3365.829,208.0276,1086.031
3353.977,212.9579,1079.428
3342.24,217.9706,1072.569
3330.624,223.0625,1065.458
3319.13,228.2305,1058.098
3307.758,233.4731,1050.488
3296.512,238.7864,1042.633
3285.39,244.169,1034.533
3274.396,249.6177,1026.191
3263.532,255.1293,1017.61
3252.797,260.7023,1008.791
3242.196,266.3328,999.7365
3231.728,272.0195,990.4475
3221.394,277.759,980.927
3211.199,283.5482,971.1779
3201.141,289.3857,961.2005
3191.223,295.2681,950.9978
3181.447,301.1924,940.5728
3171.813,307.1569,929.9256
3162.325,313.1579,919.0605
3152.982,319.194,907.9774
3143.787,325.2619,896.6793
3134.742,331.3584,885.1696
3125.848,337.482,873.448
3117.105,343.6289,861.5189
3108.517,349.7978,849.3821
3100.083,355.9852,837.0409
3091.808,362.1881,824.4985
3083.69,368.4049,811.7546
3075.732,374.6325,798.8124
3067.938,380.8676,785.6755
3060.304,387.1091,772.3436
3052.829,393.356,758.8242
3045.506,399.6104,745.1202
3038.329,405.8728,731.239
3031.292,412.1433,717.1873
3024.388,418.4244,702.9682
3017.612,424.7157,688.5902
3010.957,431.0194,674.0562
3004.416,437.3359,659.3733
2997.986,443.6655,644.5486
2991.657,450.0106,629.585
2985.426,456.3713,614.4895
2979.285,462.7481,599.2695
2973.229,469.1432,583.9276
2967.251,475.5564,568.4726
2961.345,481.9898,552.907
2955.505,488.4438,537.2382
2949.726,494.9188,521.4733
2943.999,501.417,505.615
2938.321,507.9381,489.6721
2932.684,514.4844,473.6472
2927.082,521.0562,457.5475
2921.51,527.6537,441.3804
2915.96,534.2795,425.1483
2910.428,540.9329,408.8602
2904.906,547.6165,392.5186
2899.388,554.3305,376.1307
2893.87,561.0751,359.7039
2888.343,567.8528,343.2406
2882.802,574.6638,326.7482
2877.242,581.5084,310.2341
2871.656,588.389,293.7006
2866.038,595.3052,277.1567
2860.38,602.2593,260.6049
2854.679,609.2515,244.0524
2848.927,616.2823,227.5068
2843.118,623.354,210.9702
2837.246,630.4661,194.4519
2831.305,637.621,177.9541
2825.288,644.819,161.4842
2819.191,652.0604,145.0496
2813.006,659.3476,128.6526
2806.727,666.6808,112.3007
2800.348,674.0603,96.00116
2793.864,681.4885,79.75643
2787.268,688.965,63.57544
2780.552,696.4921,47.4607
2773.713,704.0701,31.41951
2766.744,711.6993,15.45916
2759.637,719.3822,-0.41782
2752.388,727.1182,-16.20258
2744.99,734.9097,-31.89253
2737.439,742.7557,-47.48057
2729.737,750.6515,-62.96008
2721.885,758.5943,-78.32904
2713.887,766.5791,-93.58093
2705.746,774.6006,-108.7092
2697.462,782.656,-123.7117
2689.039,790.7394,-138.5806
2680.479,798.848,-153.3137
2671.784,806.9767,-167.9044
2662.958,815.1201,-182.3464
2654.001,823.2758,-196.6374
2644.918,831.4376,-210.7695
2635.708,839.6027,-224.7406
2626.377,847.7661,-238.5442
2616.926,855.9225,-252.1738
2607.356,864.0691,-265.6271
2597.671,872.2009,-278.8979
2587.875,880.3126,-291.9796
2577.966,888.4014,-304.8699
2567.95,896.4615,-317.5611
2557.828,904.49,-330.0508
2547.602,912.4818,-342.3326
2537.276,920.4318,-354.4002
2526.851,928.337,-366.2512
2516.331,936.1915,-377.8779
2505.715,943.9927,-389.2779
2495.008,951.7353,-400.4446
2484.214,959.4142,-411.3723
2473.332,967.0265,-422.0577
2462.365,974.5672,-432.495
2451.318,982.0311,-442.678
2440.191,989.4153,-452.6038
2428.987,996.714,-462.2652
2417.708,1003.924,-471.6592
2406.357,1011.041,-480.7798
2394.937,1018.059,-489.621
2383.449,1024.976,-498.1797
2371.896,1031.785,-506.4489
2360.281,1038.484,-514.4254
2348.604,1045.068,-522.1031
2336.872,1051.531,-529.4766
2325.083,1057.871,-536.5419
2313.241,1064.082,-543.2929
2301.349,1070.161,-549.7257
2289.408,1076.102,-555.8347
2277.422,1081.901,-561.6141
2265.392,1087.555,-567.0602
2253.321,1093.059,-572.1674
2241.212,1098.408,-576.9301
2229.066,1103.598,-581.344
2216.887,1108.624,-585.4036
2204.677,1113.483,-589.1046
2192.435,1118.173,-592.4509
2180.163,1122.697,-595.4565
2167.858,1127.059,-598.137
2155.522,1131.262,-600.5065
2143.151,1135.309,-602.5803
2130.745,1139.202,-604.3733
2118.306,1142.945,-605.9
2105.83,1146.542,-607.1755
2093.317,1149.995,-608.2148
2080.768,1153.307,-609.0325
2068.179,1156.482,-609.6436
2055.553,1159.522,-610.0629
2042.885,1162.432,-610.3054
2030.177,1165.213,-610.3857
2017.429,1167.87,-610.319
2004.638,1170.404,-610.1199
1991.805,1172.82,-609.8034
1978.927,1175.121,-609.3843
1966.005,1177.309,-608.8774
1953.038,1179.387,-608.2979
1940.025,1181.36,-607.6602
1926.964,1183.23,-606.9794
1913.857,1185,-606.2704
1900.701,1186.673,-605.548
1887.497,1188.253,-604.827
1874.241,1189.742,-604.1224
1860.935,1191.144,-603.4489
1847.579,1192.461,-602.8216
1834.169,1193.698,-602.2552
1820.708,1194.856,-601.7646
1807.191,1195.94,-601.3645
1793.62,1196.952,-601.07
1779.995,1197.896,-600.8959
1766.312,1198.774,-600.8571
1752.572,1199.59,-600.9683
1738.776,1200.347,-601.2445
1724.92,1201.048,-601.7006
1711.007,1201.696,-602.3513
1697.031,1202.294,-603.2116
1682.995,1202.846,-604.2964
1668.899,1203.354,-605.6204
1654.739,1203.822,-607.1986
1640.517,1204.252,-609.0457
1626.23,1204.649,-611.1768
1611.878,1205.014,-613.6068
1597.462,1205.352,-616.35
1582.979,1205.665,-619.422
1568.428,1205.956,-622.8374
1553.811,1206.23,-626.6106
1539.124,1206.487,-630.7573
1524.369,1206.733,-635.2914
1509.542,1206.969,-640.2271
1494.647,1207.198,-645.5609
1479.69,1207.418,-651.2813
1464.669,1207.63,-657.3781
1449.592,1207.834,-663.8388
1434.458,1208.031,-670.6536
1419.272,1208.219,-677.8104
1404.04,1208.401,-685.2975
1388.761,1208.574,-693.1049
1373.441,1208.74,-701.2199
1358.082,1208.898,-709.6328
1342.687,1209.049,-718.3317
1327.261,1209.193,-727.3044
1311.805,1209.33,-736.5414
1296.323,1209.459,-746.0308
1280.821,1209.582,-755.7599
1265.297,1209.697,-765.7198
1249.76,1209.806,-775.8972
1234.208,1209.907,-786.2829
1218.647,1210.002,-796.8645
1203.081,1210.091,-807.6299
1187.511,1210.173,-818.5698
1171.943,1210.248,-829.671
1156.377,1210.317,-840.9243
1140.818,1210.379,-852.3174
1125.271,1210.436,-863.8379
1109.736,1210.486,-875.4769
1094.217,1210.53,-887.222
1078.72,1210.568,-899.0609
1063.245,1210.6,-910.9844
1047.797,1210.626,-922.9791
1032.378,1210.646,-935.0363
1016.992,1210.661,-947.1432
1001.643,1210.67,-959.2876
986.3326,1210.674,-971.4606
971.0665,1210.672,-983.6486
955.8447,1210.664,-995.8428
940.6724,1210.652,-1008.031
925.554,1210.634,-1020.2
910.4899,1210.611,-1032.341
895.4848,1210.583,-1044.443
880.5435,1210.549,-1056.492
865.6664,1210.511,-1068.479
850.8595,1210.469,-1080.392
836.1232,1210.421,-1092.221
821.4623,1210.369,-1103.954
806.8813,1210.312,-1115.578
792.3808,1210.25,-1127.085
777.9668,1210.184,-1138.461
763.6398,1210.114,-1149.696
749.4043,1210.039,-1160.779
735.2651,1209.961,-1171.698
721.2226,1209.878,-1182.446
707.2803,1209.791,-1193.026
693.4421,1209.701,-1203.446
679.7072,1209.608,-1213.713
666.0809,1209.512,-1223.833
652.5626,1209.413,-1233.816
639.1559,1209.313,-1243.666
625.8645,1209.21,-1253.391
612.6878,1209.106,-1262.998
599.6309,1209.001,-1272.494
586.6934,1208.895,-1281.886
573.8787,1208.788,-1291.182
561.1905,1208.681,-1300.388
548.6284,1208.574,-1309.511
536.1959,1208.468,-1318.559
523.8967,1208.363,-1327.538
511.7304,1208.258,-1336.456
499.7018,1208.156,-1345.318
487.8107,1208.055,-1354.134
476.0605,1207.956,-1362.91
464.4547,1207.859,-1371.651
452.9933,1207.765,-1380.367
441.6806,1207.674,-1389.063
430.5169,1207.587,-1397.747
419.5053,1207.503,-1406.427
408.6494,1207.423,-1415.107
397.9491,1207.348,-1423.797
387.4088,1207.278,-1432.502
377.0288,1207.212,-1441.231
366.8123,1207.152,-1449.99
356.7626,1207.097,-1458.786
346.8799,1207.049,-1467.626
337.1674,1207.007,-1476.518
327.6285,1206.971,-1485.467
318.2634,1206.943,-1494.482
309.0763,1206.922,-1503.568
300.0676,1206.908,-1512.735
291.2404,1206.903,-1521.988
282.5979,1206.905,-1531.334
274.1406,1206.917,-1540.781
265.8725,1206.937,-1550.335
257.7942,1206.967,-1560.004
249.9087,1207.006,-1569.795
242.219,1207.055,-1579.714
234.726,1207.115,-1589.77
227.4326,1207.185,-1599.968
220.3417,1207.265,-1610.315
213.4542,1207.358,-1620.82
206.7738,1207.461,-1631.488
200.3014,1207.577,-1642.328
194.0398,1207.705,-1653.345
187.992,1207.845,-1664.547
182.1577,1207.998,-1675.937
176.5372,1208.163,-1687.505
171.1281,1208.34,-1699.248
165.93,1208.527,-1711.157
160.9422,1208.725,-1723.223
156.1626,1208.933,-1735.441
151.5907,1209.151,-1747.804
147.2256,1209.377,-1760.302
143.0655,1209.612,-1772.931
139.11,1209.854,-1785.682
135.3572,1210.104,-1798.548
131.8064,1210.361,-1811.523
128.4569,1210.624,-1824.598
125.3067,1210.892,-1837.767
122.3556,1211.166,-1851.022
119.6017,1211.445,-1864.357
117.0442,1211.727,-1877.763
114.6822,1212.014,-1891.234
112.5142,1212.303,-1904.763
110.5393,1212.595,-1918.342
108.7565,1212.889,-1931.963
107.1643,1213.184,-1945.621
105.762,1213.481,-1959.307
104.5482,1213.777,-1973.015
103.5219,1214.074,-1986.737
102.682,1214.37,-2000.465
102.0272,1214.665,-2014.194
101.5567,1214.959,-2027.915
101.2691,1215.25,-2041.622
101.1634,1215.539,-2055.307
101.2384,1215.824,-2068.961
101.4932,1216.105,-2082.581
101.9265,1216.382,-2096.157
102.5371,1216.655,-2109.681
103.3241,1216.922,-2123.148
104.2863,1217.183,-2136.549
105.4225,1217.437,-2149.879
106.7318,1217.685,-2163.129
108.2127,1217.925,-2176.291
109.8645,1218.157,-2189.359
111.6858,1218.381,-2202.326
113.6757,1218.596,-2215.185
115.8329,1218.801,-2227.928
118.1563,1218.996,-2240.548
120.6449,1219.18,-2253.038
123.2973,1219.353,-2265.39
126.1129,1219.514,-2277.598
129.0903,1219.664,-2289.654
132.228,1219.8,-2301.55
135.5256,1219.923,-2313.281
138.9816,1220.032,-2324.839
142.5945,1220.127,-2336.215
146.3614,1220.208,-2347.41
150.2767,1220.276,-2358.422
154.3362,1220.33,-2369.257
158.5345,1220.373,-2379.912
162.8661,1220.404,-2390.39
167.3269,1220.424,-2400.694
171.9111,1220.434,-2410.823
176.6144,1220.434,-2420.781
181.4315,1220.425,-2430.568
186.3569,1220.408,-2440.184
191.3865,1220.384,-2449.634
196.5148,1220.352,-2458.916
201.7364,1220.315,-2468.033
207.0472,1220.271,-2476.987
212.4413,1220.223,-2485.779
217.9146,1220.17,-2494.41
223.4616,1220.114,-2502.882
229.0768,1220.054,-2511.196
234.7563,1219.992,-2519.354
240.494,1219.929,-2527.356
246.2859,1219.864,-2535.206
252.1265,1219.799,-2542.904
258.0103,1219.734,-2550.451
263.9333,1219.67,-2557.849
269.89,1219.608,-2565.1
275.8749,1219.548,-2572.204
281.884,1219.49,-2579.164
287.9113,1219.436,-2585.98
293.9528,1219.387,-2592.655
300.003,1219.342,-2599.19
306.0562,1219.302,-2605.585
312.1088,1219.269,-2611.844
318.1544,1219.242,-2617.966
324.1893,1219.223,-2623.955
330.2079,1219.212,-2629.81
336.2045,1219.21,-2635.533
342.1754,1219.217,-2641.127
348.1149,1219.233,-2646.592
354.0175,1219.261,-2651.929
359.8793,1219.3,-2657.142
365.6942,1219.351,-2662.229
371.4583,1219.415,-2667.194
377.1661,1219.492,-2672.038
382.8119,1219.583,-2676.762
388.3919,1219.688,-2681.367
393.9,1219.809,-2685.855
399.3323,1219.945,-2690.229
404.6832,1220.099,-2694.488
409.9471,1220.269,-2698.634
415.1203,1220.457,-2702.669
420.197,1220.664,-2706.595
425.1728,1220.889,-2710.412
430.0498,1221.132,-2714.124
434.8297,1221.388,-2717.731
439.5164,1221.655,-2721.238
444.1119,1221.932,-2724.645
448.6187,1222.214,-2727.956
453.0404,1222.498,-2731.172
457.3788,1222.784,-2734.295
461.6376,1223.067,-2737.329
465.8191,1223.345,-2740.276
469.9256,1223.615,-2743.137
473.9607,1223.875,-2745.915
477.9264,1224.122,-2748.612
481.8261,1224.353,-2751.231
485.6622,1224.565,-2753.774
489.4372,1224.755,-2756.242
493.1545,1224.922,-2758.64
496.8165,1225.061,-2760.968
500.4255,1225.172,-2763.229
503.9851,1225.249,-2765.426
507.4973,1225.292,-2767.56
510.9655,1225.297,-2769.634
514.3921,1225.262,-2771.65
517.7797,1225.183,-2773.611
521.1314,1225.059,-2775.519
524.4495,1224.886,-2777.376
527.7374,1224.662,-2779.184
530.9975,1224.383,-2780.946
534.2322,1224.048,-2782.664
537.4449,1223.654,-2784.341
540.638,1223.197,-2785.978
543.814,1222.675,-2787.578
546.9763,1222.085,-2789.143
550.1269,1221.425,-2790.675
553.2693,1220.692,-2792.178
556.4058,1219.883,-2793.652
559.5389,1218.996,-2795.101
562.6721,1218.027,-2796.527
565.8074,1216.974,-2797.931
568.9482,1215.835,-2799.317
572.0969,1214.606,-2800.687
575.256,1213.285,-2802.042
578.4289,1211.869,-2803.386
581.6179,1210.355,-2804.72
584.8256,1208.741,-2806.046
588.0552,1207.024,-2807.368
591.309,1205.201,-2808.688
594.5902,1203.269,-2810.006
597.9014,1201.227,-2811.327
601.245,1199.07,-2812.652
604.6243,1196.797,-2813.984
608.0414,1194.404,-2815.324
611.4996,1191.891,-2816.675
615.0001,1189.264,-2818.034
618.5447,1186.527,-2819.4
622.1354,1183.685,-2820.771
625.7739,1180.744,-2822.146
629.4615,1177.71,-2823.523
633.2005,1174.588,-2824.901
636.9922,1171.383,-2826.276
640.8389,1168.1,-2827.649
644.7421,1164.745,-2829.018
648.7029,1161.323,-2830.38
652.7241,1157.84,-2831.734
656.8065,1154.302,-2833.078
660.9526,1150.712,-2834.41
665.1639,1147.077,-2835.73
669.4417,1143.403,-2837.035
673.7885,1139.694,-2838.324
678.2056,1135.956,-2839.595
682.6943,1132.194,-2840.846
687.2574,1128.414,-2842.076
691.8957,1124.62,-2843.282
696.6117,1120.82,-2844.464
701.4067,1117.016,-2845.62
706.2821,1113.217,-2846.747
711.2405,1109.425,-2847.845
716.2828,1105.648,-2848.912
721.4115,1101.889,-2849.945
726.6281,1098.156,-2850.944
731.9336,1094.452,-2851.906
737.3309,1090.784,-2852.831
742.8207,1087.157,-2853.715
748.4058,1083.575,-2854.559
754.0875,1080.045,-2855.359
759.8667,1076.572,-2856.114
765.7465,1073.161,-2856.824
771.728,1069.818,-2857.485
777.8124,1066.548,-2858.096
784.0026,1063.357,-2858.656
790.2992,1060.249,-2859.163
796.7051,1057.23,-2859.615
803.2214,1054.305,-2860.011
809.8492,1051.481,-2860.349
816.5916,1048.761,-2860.627
823.449,1046.153,-2860.844
830.4245,1043.66,-2860.998
837.5191,1041.289,-2861.087
844.734,1039.044,-2861.109
852.0721,1036.932,-2861.064
859.5347,1034.957,-2860.949
867.1226,1033.125,-2860.762
874.8392,1031.441,-2860.503
882.6845,1029.91,-2860.169
890.6588,1028.532,-2859.76
898.757,1027.299,-2859.277
906.9741,1026.205,-2858.724
915.3074,1025.242,-2858.1
923.7511,1024.402,-2857.408
932.3024,1023.679,-2856.649
940.9562,1023.065,-2855.825
949.7073,1022.553,-2854.937
958.5532,1022.136,-2853.988
967.4886,1021.807,-2852.977
976.5084,1021.558,-2851.908
985.61,1021.383,-2850.781
994.7874,1021.273,-2849.598
1004.038,1021.222,-2848.362
1013.357,1021.223,-2847.073
1022.738,1021.268,-2845.733
1032.18,1021.35,-2844.343
1041.676,1021.462,-2842.906
1051.224,1021.596,-2841.422
1060.818,1021.746,-2839.894
1070.454,1021.904,-2838.323
1080.128,1022.063,-2836.71
1089.836,1022.216,-2835.057
1099.573,1022.355,-2833.366
1109.335,1022.473,-2831.639
1119.117,1022.563,-2829.876
1128.916,1022.619,-2828.079
1138.727,1022.631,-2826.251
1148.546,1022.594,-2824.392
1158.368,1022.501,-2822.504
1168.189,1022.343,-2820.59
1178.005,1022.114,-2818.649
1187.813,1021.806,-2816.685
1197.605,1021.412,-2814.698
1207.38,1020.926,-2812.69
1217.133,1020.339,-2810.663
1226.858,1019.645,-2808.618
1236.553,1018.836,-2806.557
1246.212,1017.905,-2804.481
1255.832,1016.845,-2802.393
1265.409,1015.649,-2800.292
1274.936,1014.309,-2798.183
1284.411,1012.818,-2796.065
1293.829,1011.17,-2793.941
1303.187,1009.356,-2791.811
1312.479,1007.369,-2789.678
1321.7,1005.203,-2787.543
1330.848,1002.85,-2785.408
1339.917,1000.302,-2783.275
1348.905,997.5537,-2781.144
1357.805,994.5963,-2779.017
1366.614,991.4246,-2776.897
1375.334,988.0419,-2774.783
1383.969,984.4571,-2772.678
1392.521,980.6787,-2770.583
1400.996,976.7146,-2768.499
1409.396,972.574,-2766.427
1417.727,968.2643,-2764.367
1425.99,963.7946,-2762.322
1434.19,959.1738,-2760.292
1442.33,954.4091,-2758.278
1450.415,949.5101,-2756.282
1458.448,944.4842,-2754.305
1466.433,939.3403,-2752.348
1474.373,934.0874,-2750.412
1482.272,928.7328,-2748.498
1490.135,923.2856,-2746.607
1497.964,917.7546,-2744.742
1505.764,912.1473,-2742.901
1513.537,906.473,-2741.088
1521.289,900.7393,-2739.303
1529.022,894.955,-2737.546
1536.74,889.129,-2735.82
1544.448,883.2687,-2734.125
1552.148,877.3839,-2732.463
1559.845,871.4816,-2730.835
1567.543,865.5707,-2729.241
1575.243,859.6605,-2727.684
1582.953,853.758,-2726.163
1590.673,847.8725,-2724.681
1598.408,842.0128,-2723.238
1606.163,836.1861,-2721.836
1613.939,830.4022,-2720.476
1621.743,824.6683,-2719.159
1629.576,818.9933,-2717.885
1637.443,813.3862,-2716.657
1645.348,807.8545,-2715.475
1653.294,802.4075,-2714.341
1661.285,797.0527,-2713.255
1669.325,791.799,-2712.219
1677.417,786.6553,-2711.235
1685.565,781.629,-2710.302
1693.773,776.7292,-2709.422
1702.045,771.9646,-2708.597
1710.384,767.3428,-2707.827
1718.794,762.873,-2707.114
1727.279,758.563,-2706.459
1735.843,754.4214,-2705.863
1744.488,750.4572,-2705.327
1753.22,746.678,-2704.852
1762.041,743.0928,-2704.439
1770.957,739.7095,-2704.091
1779.969,736.5369,-2703.807
1789.08,733.581,-2703.588
1798.288,730.8387,-2703.434
1807.586,728.3062,-2703.344
1816.973,725.979,-2703.316
1826.443,723.8532,-2703.349
1835.99,721.9249,-2703.443
1845.614,720.1895,-2703.596
1855.307,718.643,-2703.807
1865.066,717.2815,-2704.076
1874.887,716.1006,-2704.4
1884.765,715.0961,-2704.78
1894.697,714.264,-2705.214
1904.678,713.6,-2705.7
1914.703,713.1002,-2706.239
1924.769,712.7603,-2706.828
1934.871,712.5761,-2707.467
1945.005,712.5436,-2708.154
1955.167,712.6585,-2708.89
1965.351,712.9167,-2709.672
1975.555,713.3142,-2710.499
1985.774,713.8466,-2711.37
1996.002,714.5098,-2712.285
2006.238,715.2999,-2713.243
2016.474,716.2125,-2714.241
2026.709,717.2435,-2715.28
2036.938,718.3889,-2716.357
2047.155,719.6443,-2717.474
2057.358,721.0058,-2718.626
2067.54,722.469,-2719.815
2077.7,724.0301,-2721.038
2087.831,725.6847,-2722.296
2097.93,727.4285,-2723.585
2107.993,729.2578,-2724.907
2118.015,731.1682,-2726.26
2127.991,733.1553,-2727.641
2137.919,735.2155,-2729.052
2147.792,737.344,-2730.489
2157.609,739.5374,-2731.953
2167.363,741.791,-2733.443
2177.05,744.1007,-2734.956
2186.667,746.4626,-2736.492
2196.209,748.8723,-2738.051
2205.672,751.326,-2739.631
2215.052,753.8193,-2741.23
2224.343,756.3479,-2742.849
2233.542,758.908,-2744.485
2242.646,761.4952,-2746.139
2251.648,764.1053,-2747.807
2260.546,766.7346,-2749.491
2269.334,769.3783,-2751.188
2278.01,772.0329,-2752.897
2286.568,774.6939,-2754.619
2295.007,777.3587,-2756.35
2303.325,780.0256,-2758.091
2311.529,782.6953,-2759.841
2319.617,785.3662,-2761.6
2327.592,788.0375,-2763.366
2335.455,790.7086,-2765.138
2343.206,793.3782,-2766.917
2350.848,796.0464,-2768.7
2358.384,798.7121,-2770.489
2365.813,801.3745,-2772.281
2373.138,804.0325,-2774.076
2380.358,806.6853,-2775.872
2387.479,809.3329,-2777.671
2394.5,811.9742,-2779.469
2401.422,814.6082,-2781.268
2408.247,817.2343,-2783.066
2414.976,819.8515,-2784.863
2421.611,822.4587,-2786.656
2428.155,825.0562,-2788.447
2434.607,827.6427,-2790.234
2440.971,830.2173,-2792.016
2447.246,832.7794,-2793.793
2453.435,835.3275,-2795.563
2459.539,837.8621,-2797.326
2465.561,840.3817,-2799.083
2471.501,842.8856,-2800.83
2477.36,845.3732,-2802.568
2483.141,847.843,-2804.296
2488.844,850.2953,-2806.013
2494.473,852.7289,-2807.719
2500.027,855.1429,-2809.413
2505.509,857.5367,-2811.094
2510.918,859.909,-2812.76
2516.26,862.2598,-2814.413
2521.533,864.5881,-2816.05
2526.739,866.893,-2817.671
2531.881,869.1738,-2819.275
2536.958,871.4292,-2820.861
2541.975,873.6593,-2822.429
2546.931,875.863,-2823.979
2551.828,878.0396,-2825.508
2556.668,880.188,-2827.017
2561.452,882.3077,-2828.504
2566.181,884.3976,-2829.969
2570.858,886.4574,-2831.411
2575.484,888.4863,-2832.83
2580.06,890.4833,-2834.224
2584.588,892.4476,-2835.593
2589.069,894.3782,-2836.936
2593.505,896.2751,-2838.252
2597.897,898.137,-2839.541
2602.248,899.9631,-2840.803
2606.562,901.7515,-2842.038
2610.845,903.499,-2843.251
2615.106,905.2037,-2844.446
2619.352,906.8625,-2845.626
2623.589,908.4727,-2846.796
2627.824,910.0316,-2847.959
2632.064,911.5363,-2849.118
2636.317,912.9843,-2850.279
2640.59,914.373,-2851.444
2644.89,915.6996,-2852.617
2649.223,916.9614,-2853.803
2653.596,918.1553,-2855.005
2658.018,919.2792,-2856.226
2662.495,920.3303,-2857.471
2667.033,921.3055,-2858.743
2671.641,922.2023,-2860.047
2676.323,923.0179,-2861.385
2681.09,923.7499,-2862.762
2685.947,924.3954,-2864.182
2690.901,924.9516,-2865.649
2695.959,925.4159,-2867.165
2701.129,925.7855,-2868.736
2706.416,926.0577,-2870.364
2711.829,926.23,-2872.054
2717.375,926.2996,-2873.81
2723.06,926.2635,-2875.634
2728.892,926.1193,-2877.532
2734.876,925.8644,-2879.506
2741.022,925.4957,-2881.562
2747.337,925.0107,-2883.701
2753.825,924.4068,-2885.929
2760.496,923.6812,-2888.249
2767.354,922.8312,-2890.665
2774.41,921.8539,-2893.18
2781.668,920.7467,-2895.799
2789.137,919.5071,-2898.526
2796.823,918.1321,-2901.363
2804.731,916.6195,-2904.315
2812.872,914.9659,-2907.386
2821.252,913.1689,-2910.58
2829.876,911.226,-2913.9
2838.754,909.134,-2917.35
2847.889,906.8911,-2920.933
2857.292,904.4935,-2924.655
2866.969,901.9388,-2928.518
2876.927,899.2247,-2932.526
2887.172,896.3482,-2936.684
2897.712,893.3066,-2940.995
2908.551,890.0979,-2945.461
2919.702,886.7181,-2950.089
2931.168,883.165,-2954.881
2942.955,879.4377,-2959.84
2955.058,875.5411,-2964.958
2967.467,871.4836,-2970.224
2980.177,867.2705,-2975.631
2993.18,862.91,-2981.169
3006.466,858.409,-2986.828
3020.029,853.7747,-2992.599
3033.857,849.0154,-2998.471
3047.949,844.1364,-3004.436
3062.293,839.1456,-3010.484
3076.882,834.0503,-3016.607
3091.708,828.8577,-3022.793
3106.759,823.5759,-3029.032
3122.035,818.2101,-3035.318
3137.524,812.7683,-3041.64
3153.219,807.2582,-3047.988
3169.11,801.6863,-3054.352
3185.188,796.0613,-3060.722
3201.451,790.3881,-3067.091
3217.888,784.6747,-3073.448
3234.491,778.9287,-3079.783
3251.252,773.157,-3086.088
3268.16,767.3679,-3092.351
3285.213,761.5665,-3098.566
3302.401,755.761,-3104.721
3319.716,749.9585,-3110.807
3337.149,744.1661,-3116.814
3354.693,738.3912,-3122.734
3372.336,732.642,-3128.555
3390.078,726.9234,-3134.271
3407.907,721.2437,-3139.869
3425.815,715.61,-3145.342
3443.795,710.0297,-3150.68
3461.834,704.5107,-3155.871
3479.934,699.0583,-3160.909
3498.08,693.6808,-3165.784
3516.267,688.3851,-3170.484
3534.486,683.1785,-3175.002
3552.725,678.0692,-3179.326
3570.984,673.0623,-3183.45
3589.252,668.1661,-3187.362
3607.52,663.3876,-3191.053
3625.781,658.7341,-3194.513
3644.023,654.2137,-3197.733
3662.245,649.8316,-3200.704
3680.437,645.5959,-3203.417
3698.589,641.514,-3205.86
3716.695,637.5929,-3208.026
3734.743,633.8405,-3209.904
3752.732,630.2625,-3211.485
3770.65,626.8668,-3212.76
3788.49,623.6606,-3213.719
3806.246,620.6472,-3214.356
3823.912,617.8226,-3214.675
3841.481,615.1827,-3214.678
3858.956,612.7217,-3214.369
3876.33,610.4354,-3213.751
3893.597,608.3189,-3212.828
3910.755,606.3677,-3211.602
3927.795,604.5772,-3210.077
3944.72,602.942,-3208.257
3961.523,601.4581,-3206.144
3978.2,600.1202,-3203.742
3994.745,598.9239,-3201.055
4011.153,597.8646,-3198.086
4027.426,596.9372,-3194.837
4043.555,596.137,-3191.312
4059.537,595.4595,-3187.516
4075.368,594.8998,-3183.449
4091.04,594.4534,-3179.118
4106.556,594.1153,-3174.523
4121.908,593.8808,-3169.67
4137.093,593.7452,-3164.56
4152.105,593.7039,-3159.198
4166.938,593.7519,-3153.588
4181.595,593.8847,-3147.73
4196.066,594.0975,-3141.631
4210.35,594.3856,-3135.292
4224.44,594.7442,-3128.716
4238.334,595.1686,-3121.909
4252.025,595.654,-3114.873
4265.513,596.1957,-3107.61
4278.792,596.7891,-3100.124
4291.857,597.4293,-3092.419
4304.706,598.1117,-3084.497
4317.331,598.8313,-3076.365
4329.731,599.5837,-3068.021
4341.902,600.364,-3059.472
4353.84,601.1676,-3050.719
4365.539,601.9896,-3041.767
4376.994,602.8251,-3032.621
4388.205,603.6698,-3023.28
4399.165,604.5188,-3013.749
4409.871,605.3673,-3004.032
4420.317,606.2106,-2994.132
4430.5,607.0437,-2984.054
4440.417,607.8624,-2973.799
4450.063,608.6617,-2963.37
4459.433,609.4368,-2952.771
4468.524,610.183,-2942.007
4477.331,610.8956,-2931.081
4485.85,611.5699,-2919.993
4494.079,612.2011,-2908.749
4502.011,612.7847,-2897.352
4509.648,613.3193,-2885.806
4516.99,613.8065,-2874.12
4524.042,614.2477,-2862.292
4530.808,614.6447,-2850.333
4537.289,614.9989,-2838.245
4543.488,615.312,-2826.035
4549.409,615.5854,-2813.709
4555.053,615.8209,-2801.273
4560.425,616.0201,-2788.729
4565.527,616.1844,-2776.083
4570.363,616.3154,-2763.342
4574.934,616.4149,-2750.511
4579.243,616.4841,-2737.597
4583.294,616.5249,-2724.601
4587.091,616.5388,-2711.53
4590.635,616.5273,-2698.39
4593.93,616.4921,-2685.186
4596.978,616.4348,-2671.926
4599.783,616.3568,-2658.611
4602.346,616.2598,-2645.247
4604.673,616.1454,-2631.84
4606.764,616.0151,-2618.397
4608.623,615.8706,-2604.924
4610.253,615.7134,-2591.421
4611.658,615.545,-2577.897
4612.839,615.3672,-2564.357
4613.8,615.1814,-2550.806
4614.543,614.9893,-2537.252
4615.073,614.7924,-2523.695
4615.39,614.5922,-2510.143
4615.5,614.3905,-2496.602
4615.403,614.1887,-2483.076
4615.104,613.9885,-2469.571
4614.604,613.7913,-2456.095
4613.909,613.5989,-2442.648
4613.02,613.4128,-2429.238
4611.938,613.2346,-2415.87
4610.669,613.0657,-2402.549
4609.215,612.9081,-2389.284
4607.579,612.7629,-2376.074
4605.763,612.6319,-2362.928
4603.771,612.5167,-2349.85
4601.605,612.4189,-2336.846
4599.27,612.34,-2323.924
4596.765,612.2816,-2311.084
4594.097,612.2454,-2298.333
4591.266,612.2328,-2285.678
4588.276,612.2455,-2273.124
4585.131,612.285,-2260.678
4581.833,612.353,-2248.34
4578.384,612.4509,-2236.118
4574.788,612.5801,-2224.018
4571.044,612.7393,-2212.042
4567.153,612.9261,-2200.191
4563.114,613.1384,-2188.464
4558.925,613.374,-2176.864
4554.586,613.6306,-2165.391
4550.099,613.9062,-2154.048
4545.461,614.1982,-2142.836
4540.671,614.5046,-2131.752
4535.729,614.8232,-2120.801
4530.635,615.1517,-2109.983
4525.388,615.488,-2099.298
4519.988,615.8297,-2088.749
4514.435,616.1745,-2078.338
4508.726,616.5204,-2068.062
4502.862,616.8651,-2057.925
4496.843,617.2064,-2047.927
4490.667,617.5421,-2038.069
4484.336,617.8696,-2028.355
4477.846,618.1873,-2018.781
4471.198,618.4924,-2009.351
4464.392,618.7831,-2000.065
4457.427,619.0569,-1990.926
4450.303,619.3118,-1981.935
4443.019,619.5453,-1973.09
4435.573,619.7554,-1964.394
4427.966,619.9399,-1955.848
4420.197,620.0963,-1947.453
4412.268,620.2226,-1939.212
4404.174,620.3165,-1931.123
4395.917,620.3759,-1923.188
4387.496,620.3983,-1915.408
4378.909,620.3817,-1907.784
4370.16,620.3239,-1900.32
4361.243,620.2224,-1893.013
4352.16,620.0753,-1885.865
4342.909,619.8801,-1878.878
4333.492,619.6348,-1872.052
4323.906,619.3371,-1865.39
4314.154,618.9847,-1858.892
4304.231,618.5756,-1852.559
4294.138,618.1072,-1846.391
4283.875,617.5775,-1840.39
4273.441,616.9843,-1834.558
4262.838,616.3253,-1828.896
4252.062,615.5983,-1823.402
4241.112,614.8011,-1818.081
4229.989,613.9313,-1812.931
4218.693,612.9869,-1807.955
4207.226,611.9658,-1803.155
4195.581,610.8654,-1798.529
4183.76,609.6835,-1794.08
4171.763,608.4192,-1789.808
4159.583,607.0746,-1785.713
4147.216,605.6525,-1781.795
4134.651,604.1548,-1778.051
4121.885,602.5843,-1774.482
4108.911,600.9437,-1771.087
4095.722,599.2355,-1767.866
4082.316,597.4625,-1764.818
4068.681,595.6267,-1761.94
4054.812,593.731,-1759.235
4040.704,591.7778,-1756.699
4026.351,589.7698,-1754.334
4011.746,587.7095,-1752.138
3996.886,585.5999,-1750.111
3981.759,583.4426,-1748.251
3966.361,581.2407,-1746.558
3950.687,578.9968,-1745.031
3934.729,576.7133,-1743.671
3918.485,574.3932,-1742.475
3901.942,572.0383,-1741.444
3885.098,569.6515,-1740.576
3867.945,567.2354,-1739.871
3850.479,564.7925,-1739.328
3832.695,562.3259,-1738.947
3814.58,559.8372,-1738.727
3796.132,557.3293,-1738.667
3777.346,554.8049,-1738.766
3758.212,552.2665,-1739.024
3738.732,549.7171,-1739.441
3718.889,547.1584,-1740.014
3698.682,544.5933,-1740.744
3678.104,542.0244,-1741.631
3657.148,539.4542,-1742.672
3635.814,536.8859,-1743.868
3614.086,534.3209,-1745.218
3591.962,531.7624,-1746.721
3569.437,529.2128,-1748.377
3546.503,526.6748,-1750.185
3523.158,524.1513,-1752.144
3499.389,521.644,-1754.253
3475.193,519.1558,-1756.512
3450.563,516.6895,-1758.92
3425.493,514.2473,-1761.477
3399.978,511.8321,-1764.181
3374.015,509.4466,-1767.032
3347.589,507.0927,-1770.029
3320.698,504.7733,-1773.172
3293.336,502.4909,-1776.46
3265.497,500.2482,-1779.893
3237.181,498.048,-1783.468
3208.368,495.8921,-1787.186
3179.061,493.7834,-1791.047
3149.259,491.7222,-1795.048
3118.974,489.7061,-1799.187
3088.225,487.7329,-1803.459
3057.01,485.7994,-1807.864
3025.348,483.9034,-1812.397
2993.251,482.0423,-1817.056
2960.73,480.2137,-1821.837
2927.803,478.4153,-1826.737
2894.47,476.644,-1831.754
2860.748,474.8974,-1836.885
2826.65,473.1732,-1842.127
2792.187,471.4688,-1847.477
2757.377,469.7819,-1852.93
2722.22,468.1095,-1858.486
2686.733,466.4491,-1864.141
2650.928,464.7985,-1869.891
2614.817,463.1549,-1875.734
2578.413,461.5159,-1881.667
2541.733,459.8793,-1887.685
2504.775,458.2418,-1893.788
2467.559,456.6014,-1899.973
2430.095,454.9554,-1906.235
2392.396,453.3013,-1912.572
2354.482,451.6369,-1918.98
2316.349,449.959,-1925.458
2278.015,448.2655,-1932.001
2239.493,446.5537,-1938.608
2200.796,444.8213,-1945.275
2161.941,443.0658,-1951.997
2122.926,441.2842,-1958.775
2083.77,439.4743,-1965.604
2044.485,437.6335,-1972.48
2005.083,435.7592,-1979.402
1965.583,433.8495,-1986.365
1925.981,431.9008,-1993.367
1886.297,429.9112,-2000.407
1846.543,427.878,-2007.479
1806.731,425.7987,-2014.581
1766.88,423.6713,-2021.709
1726.986,421.4923,-2028.863
1687.069,419.2596,-2036.038
1647.141,416.9708,-2043.231
1607.214,414.6232,-2050.439
1567.306,412.2148,-2057.658
1527.415,409.7421,-2064.888
1487.56,407.2031,-2072.125
1447.752,404.5953,-2079.364
1408.004,401.916,-2086.604
1368.327,399.1628,-2093.841
1328.74,396.3337,-2101.071
1289.241,393.4251,-2108.294
1249.848,390.4354,-2115.506
1210.569,387.3662,-2122.702
1171.411,384.2213,-2129.878
1132.386,381.0053,-2137.031
1093.486,377.7207,-2144.158
1054.724,374.3718,-2151.254
1016.106,370.9626,-2158.316
977.6388,367.4969,-2165.339
939.3353,363.9791,-2172.317
901.1864,360.4118,-2179.252
863.2058,356.7993,-2186.135
825.3997,353.1456,-2192.965
787.7737,349.4545,-2199.737
750.3416,345.7305,-2206.444
713.0944,341.9759,-2213.088
676.0456,338.1953,-2219.662
639.2012,334.3925,-2226.162
602.5671,330.5715,-2232.585
566.1567,326.7366,-2238.925
529.9614,322.8903,-2245.181
493.9947,319.0371,-2251.348
458.2624,315.1808,-2257.421
422.7705,311.3253,-2263.397
387.5252,307.4743,-2269.273
352.5392,303.6325,-2275.043
317.8048,299.8022,-2280.705
283.335,295.9878,-2286.255
249.1357,292.1934,-2291.688
215.213,288.4225,-2297
181.5794,284.6799,-2302.188
148.2277,280.9679,-2307.248
115.1707,277.291,-2312.177
82.41418,273.653,-2316.969
49.96434,270.0578,-2321.621
17.83344,266.5099,-2326.129
-13.98518,263.0117,-2330.49
-45.47913,259.5677,-2334.699
-76.64243,256.1817,-2338.753
-107.469,252.8576,-2342.648
-137.9469,249.5999,-2346.379
-168.0822,246.4109,-2349.943
-197.8627,243.2953,-2353.336
-227.2825,240.2569,-2356.555
-256.3355,237.2994,-2359.595
-285.0101,234.4272,-2362.451
-313.3117,231.6431,-2365.122
-341.2284,228.9514,-2367.601
-368.7544,226.3559,-2369.887
-395.8835,223.8605,-2371.974
-422.6046,221.4694,-2373.859
-448.9221,219.1855,-2375.538
-474.8248,217.0132,-2377.007
-500.3083,214.9551,-2378.264
-525.3758,213.0098,-2379.307
-550.0313,211.175,-2380.141
-574.2747,209.4487,-2380.765
-598.1201,207.8276,-2381.181
-621.567,206.31,-2381.392
-644.6198,204.8932,-2381.397
-667.2831,203.575,-2381.2
-689.5569,202.3531,-2380.801
-711.4544,201.2249,-2380.202
-732.9757,200.188,-2379.404
-754.1252,199.2402,-2378.41
-774.9073,198.379,-2377.219
-795.3225,197.6022,-2375.836
-815.3834,196.9072,-2374.259
-835.0901,196.2916,-2372.491
-854.4473,195.7531,-2370.535
-873.4594,195.2894,-2368.39
-892.127,194.8981,-2366.059
-910.4622,194.5767,-2363.543
-928.4656,194.3228,-2360.844
-946.1417,194.1342,-2357.963
-963.4948,194.0084,-2354.901
-980.5261,193.943,-2351.661
-997.2468,193.9357,-2348.244
-1013.658,193.984,-2344.651
-1029.764,194.0856,-2340.883
-1045.569,194.2382,-2336.943
-1061.078,194.4393,-2332.832
-1076.292,194.6864,-2328.552
-1091.222,194.9774,-2324.103
-1105.869,195.3098,-2319.487
-1120.238,195.6811,-2314.706
-1134.333,196.0891,-2309.762
-1148.155,196.5312,-2304.656
-1161.715,197.0052,-2299.39
-1175.014,197.5088,-2293.964
-1188.057,198.0394,-2288.38
-1200.848,198.5947,-2282.641
-1213.389,199.1722,-2276.748
-1225.69,199.7698,-2270.702
-1237.753,200.3849,-2264.503
-1249.581,201.0152,-2258.155
-1261.18,201.6583,-2251.659
-1272.552,202.3117,-2245.017
-1283.705,202.9732,-2238.229
-1294.642,203.6404,-2231.296
-1305.367,204.3109,-2224.222
-1315.885,204.9822,-2217.007
-1326.197,205.6519,-2209.654
-1336.314,206.3179,-2202.161
-1346.236,206.9776,-2194.533
-1355.968,207.6299,-2186.77
-1365.509,208.2758,-2178.876
-1374.861,208.9165,-2170.853
-1384.022,209.5529,-2162.706
-1392.997,210.1864,-2154.433
-1401.784,210.8181,-2146.04
-1410.385,211.4491,-2137.529
-1418.799,212.0805,-2128.903
-1427.026,212.7133,-2120.167
-1435.071,213.349,-2111.319
-1442.93,213.9885,-2102.364
-1450.606,214.633,-2093.305
-1458.099,215.2836,-2084.145
-1465.408,215.9413,-2074.888
-1472.537,216.6076,-2065.533
-1479.485,217.2834,-2056.086
-1486.253,217.97,-2046.547
-1492.841,218.6683,-2036.921
-1499.248,219.3794,-2027.213
-1505.479,220.1049,-2017.42
-1511.531,220.8455,-2007.547
-1517.407,221.6025,-1997.598
-1523.106,222.3771,-1987.575
-1528.628,223.1701,-1977.483
-1533.976,223.9831,-1967.32
-1539.149,224.8171,-1957.092
-1544.149,225.6732,-1946.8
-1548.975,226.5524,-1936.449
-1553.628,227.4559,-1926.042
-1558.11,228.385,-1915.578
-1562.42,229.3407,-1905.062
-1566.56,230.3243,-1894.497
-1570.529,231.3368,-1883.885
-1574.33,232.3793,-1873.23
-1577.961,233.4528,-1862.536
-1581.424,234.5589,-1851.802
-1584.72,235.6984,-1841.031
-1587.85,236.8726,-1830.229
-1590.813,238.0825,-1819.396
-1593.61,239.3291,-1808.537
-1596.243,240.614,-1797.653
-1598.712,241.938,-1786.746
-1601.018,243.3023,-1775.82
-1603.16,244.7082,-1764.878
-1605.14,246.1563,-1753.925
-1606.958,247.6484,-1742.958
-1608.616,249.1855,-1731.984
-1610.113,250.7685,-1721.004
-1611.451,252.3987,-1710.021
-1612.629,254.0769,-1699.041
-1613.65,255.8048,-1688.061
-1614.512,257.5832,-1677.087
-1615.219,259.4115,-1666.12
-1615.771,261.2876,-1655.157
-1616.17,263.2095,-1644.2
-1616.418,265.1757,-1633.244
-1616.517,267.1842,-1622.29
-1616.469,269.2329,-1611.337
-1616.276,271.3199,-1600.383
-1615.939,273.4433,-1589.429
-1615.461,275.6007,-1578.474
-1614.842,277.7911,-1567.514
-1614.086,280.0121,-1556.55
-1613.193,282.2618,-1545.581
-1612.166,284.5382,-1534.605
-1611.006,286.839,-1523.623
-1609.716,289.1632,-1512.632
-1608.296,291.5084,-1501.63
-1606.75,293.8726,-1490.619
-1605.078,296.254,-1479.595
-1603.283,298.6501,-1468.562
-1601.366,301.0599,-1457.512
-1599.329,303.4811,-1446.448
-1597.174,305.9117,-1435.368
-1594.903,308.3499,-1424.272
-1592.519,310.7931,-1413.159
-1590.021,313.2405,-1402.026
-1587.413,315.6895,-1390.873
-1584.696,318.1385,-1379.699
-1581.871,320.5852,-1368.504
-1578.943,323.0275,-1357.287
-1575.91,325.4642,-1346.044
-1572.776,327.893,-1334.776
-1569.542,330.3121,-1323.483
-1566.21,332.7193,-1312.162
-1562.782,335.1124,-1300.815
-1559.26,337.4904,-1289.437
-1555.646,339.8509,-1278.028
-1551.941,342.1919,-1266.588
-1548.147,344.5115,-1255.116
-1544.266,346.8078,-1243.611
-1540.301,349.0784,-1232.073
-1536.252,351.3224,-1220.498
-1532.121,353.5372,-1208.887
-1527.911,355.721,-1197.238
-1523.623,357.8719,-1185.55
-1519.26,359.9875,-1173.825
-1514.822,362.0668,-1162.058
-1510.312,364.1074,-1150.248
-1505.731,366.1073,-1138.396
-1501.082,368.0646,-1126.501
-1496.366,369.9771,-1114.563
-1491.585,371.8436,-1102.576
-1486.74,373.6619,-1090.544
-1481.833,375.4324,-1078.468
-1476.862,377.1554,-1066.352
-1471.828,378.8313,-1054.201
-1466.731,380.4614,-1042.015
-1461.571,382.046,-1029.8
-1456.347,383.5856,-1017.559
-1451.059,385.0807,-1005.296
-1445.709,386.532,-993.0165
-1440.295,387.9403,-980.7196
-1434.817,389.3062,-968.4113
-1429.275,390.6301,-956.0948
-1423.669,391.9127,-943.7743
-1417.999,393.1546,-931.4529
-1412.266,394.3562,-919.1367
-1406.469,395.5185,-906.8246
-1400.607,396.642,-894.5225
-1394.681,397.7271,-882.2339
-1388.691,398.7747,-869.9625
-1382.637,399.7849,-857.7144
-1376.519,400.759,-845.488
-1370.335,401.6971,-833.2896
-1364.087,402.6001,-821.1226
-1357.775,403.4684,-808.9907
-1351.399,404.3026,-796.8998
-1344.957,405.1035,-784.8488
-1338.45,405.8716,-772.8435
-1331.879,406.6075,-760.8876
-1325.242,407.3118,-748.9847
-1318.542,407.985,-737.1406
-1311.775,408.628,-725.3544
-1304.943,409.2412,-713.6318
-1298.046,409.8253,-701.9766
-1291.084,410.3808,-690.3922
-1284.058,410.9083,-678.8844
-1276.965,411.4085,-667.4525
-1269.806,411.882,-656.1021
-1262.582,412.3294,-644.8369
-1255.292,412.7513,-633.6605
-1247.936,413.1483,-622.5764
-1240.516,413.5209,-611.5904
-1233.029,413.8699,-600.7018
-1225.476,414.1959,-589.9161
-1217.857,414.4993,-579.2372
-1210.172,414.7809,-568.6686
-1202.422,415.0412,-558.2158
-1194.604,415.2809,-547.8784
-1186.72,415.5006,-537.6619
-1178.77,415.7008,-527.5699
-1170.753,415.8823,-517.6062
-1162.672,416.0454,-507.7761
-1154.522,416.191,-498.0793
-1146.305,416.3195,-488.521
-1138.022,416.4315,-479.1032
-1129.672,416.5273,-469.8278
-1121.256,416.6075,-460.6986
-1112.771,416.6724,-451.714
-1104.219,416.7226,-442.8776
-1095.6,416.7584,-434.1914
-1086.913,416.7804,-425.6574
-1078.159,416.7889,-417.279
-1069.336,416.7845,-409.055
-1060.445,416.7675,-400.989
-1051.485,416.7385,-393.0829
-1042.457,416.6979,-385.3387
-1033.362,416.6461,-377.7596
-1024.197,416.5836,-370.3448
-1014.962,416.5108,-363.0977
-1005.659,416.4282,-356.02
-996.2863,416.3363,-349.114
-986.8441,416.2354,-342.3814
-977.3344,416.1261,-335.8255
-967.7531,416.0088,-329.4456
-958.102,415.8839,-323.2451
-948.3809,415.7519,-317.2257
-938.5897,415.6133,-311.3894
-928.7302,415.4685,-305.7394
-918.7982,415.3179,-300.2753
-908.7957,415.162,-295.0002
-898.7224,415.0012,-289.9159
-888.5782,414.8361,-285.0245
-878.3651,414.6671,-280.3288
-868.0788,414.4945,-275.8289
-857.7211,414.3188,-271.5277
-847.2919,414.1406,-267.427
-836.791,413.9603,-263.5289
-826.2205,413.7783,-259.836
-815.5759,413.595,-256.3488
-804.8592,413.4109,-253.0699
-794.0703,413.2265,-250.0013
-783.209,413.0422,-247.1449
-772.2773,412.8585,-244.5032
-761.2708,412.6758,-242.0771
-750.1913,412.4945,-239.869
-739.0388,412.3152,-237.8809
-727.8132,412.1382,-236.1147
-716.5144,411.9641,-234.5724
-705.1443,411.7933,-233.2562
-693.6984,411.6261,-232.1674
-682.1786,411.4632,-231.3082
-670.5851,411.3048,-230.6807
-658.9174,411.1516,-230.2867
-647.1779,411.0038,-230.1283
-635.3616,410.8621,-230.2071
-623.4731,410.7266,-230.5223
-611.5164,410.5974,-231.0701
-599.4952,410.4745,-231.8465
-587.4166,410.3582,-232.8475
-575.2796,410.2484,-234.0694
-563.0908,410.1451,-235.5081
-550.8543,410.0487,-237.1597
-538.5742,409.9588,-239.0203
-526.2572,409.8758,-241.0855
-513.9025,409.7997,-243.3522
-501.5165,409.7306,-245.8159
-489.1036,409.6685,-248.473
-476.6678,409.6135,-251.3192
-464.2156,409.5656,-254.3502
-451.7463,409.5251,-257.5631
-439.2665,409.4918,-260.9535
-426.7803,409.4659,-264.5175
-414.2919,409.4474,-268.2509
-401.8077,409.4365,-272.1492
-389.3272,409.4331,-276.21
-376.8568,409.4375,-280.4285
-364.4005,409.4496,-284.8008
-351.9627,409.4695,-289.3231
-339.5473,409.4973,-293.9912
-327.1611,409.533,-298.8004
-314.8032,409.5767,-303.7485
-302.4802,409.6286,-308.8308
-290.1962,409.6886,-314.0433
-277.9553,409.7568,-319.382
-265.7642,409.8334,-324.842
-253.622,409.9183,-330.4213
-241.5354,410.0117,-336.1151
-229.5084,410.1136,-341.9194
-217.5453,410.2242,-347.8302
-205.6524,410.3433,-353.8424
-193.8292,410.4711,-359.9545
-182.0822,410.6079,-366.1613
-170.4155,410.7535,-372.4589
-158.8332,410.908,-378.8434
-147.3418,411.0715,-385.3095
-135.9408,411.2441,-391.8558
-124.6366,411.426,-398.4772
-113.4334,411.6169,-405.1696
-102.3353,411.8173,-411.9292
-91.34849,412.027,-418.7507
-80.47289,412.2462,-425.6329
-69.71474,412.4748,-432.5703
-59.0782,412.7131,-439.5591
-48.56739,412.961,-446.5955
-38.18644,413.2186,-453.6753
-27.94147,413.486,-460.7933
-17.832,413.7633,-467.9487
-7.858836,414.0496,-475.1384
1.981485,414.3438,-482.362
11.69246,414.645,-489.619
21.2757,414.9519,-496.9075
30.73849,415.2636,-504.2298
40.0824,415.579,-511.584
49.31093,415.8971,-518.9698
58.42757,416.2166,-526.3864
67.43405,416.5365,-533.8319
76.33742,416.8559,-541.3089
85.13937,417.1735,-548.8154
93.8434,417.4884,-556.3509
102.453,417.7994,-563.9148
110.97,418.1054,-571.5052
119.4012,418.4055,-579.1246
127.7485,418.6985,-586.771
136.0153,418.9834,-594.4439
144.2052,419.259,-602.1429
152.32,419.5242,-609.8658
160.3664,419.7781,-617.6152
168.3463,420.0196,-625.3893
176.2632,420.2475,-633.1873
184.1206,420.4608,-641.009
191.922,420.6584,-648.8536
199.6693,420.8393,-656.7194
207.3691,421.0023,-664.6087
215.0234,421.1464,-672.5196
222.6356,421.2705,-680.4517
230.2093,421.3736,-688.4043
237.7464,421.4545,-696.3755
245.2534,421.5121,-704.3678
252.7324,421.5455,-712.3793
260.1867,421.5536,-720.4095
267.62,421.5352,-728.4578
275.0342,421.4892,-736.5221
282.4357,421.4147,-744.6052
289.8266,421.3105,-752.705
297.2104,421.1755,-760.8209
304.5905,421.0088,-768.9525
311.969,420.8091,-777.0977
319.3523,420.5755,-785.2592
326.7425,420.3068,-793.4349
334.143,420.002,-801.6244
341.5573,419.66,-809.827
348.9874,419.2798,-818.0408
356.4398,418.8602,-826.2684
363.9165,418.4001,-834.5078
371.421,417.8985,-842.7584
378.9567,417.3543,-851.0198
386.5258,416.7667,-859.2899
394.1345,416.1342,-867.5714
401.7838,415.456,-875.8619
409.4716,414.7324,-884.16
417.1953,413.9633,-892.4641
424.9521,413.1488,-900.7726
432.7377,412.2894,-909.0823
440.5524,411.3848,-917.3948
448.3921,410.4353,-925.7069
456.2538,409.4411,-934.0169
464.135,408.4023,-942.3234
472.0313,407.3192,-950.623
479.9431,406.1916,-958.9174
487.866,405.0198,-967.2034
495.7974,403.804,-975.4792
503.7345,402.5442,-983.7435
511.6729,401.241,-991.9929
519.6132,399.8939,-1000.229
527.5508,398.5032,-1008.449
535.4833,397.0693,-1016.65
543.4077,395.5921,-1024.832
551.3199,394.0722,-1032.991
559.2202,392.5091,-1041.129
567.1041,390.9032,-1049.243
574.9691,389.2546,-1057.33
582.8125,387.5636,-1065.389
590.6298,385.8305,-1073.418
598.4215,384.0548,-1081.418
606.1832,382.2372,-1089.385
613.9124,380.3774,-1097.317
621.6061,378.476,-1105.214
629.2616,376.5329,-1113.074
636.8748,374.5486,-1120.893
644.4459,372.5226,-1128.674
651.9705,370.4553,-1136.412
659.4461,368.347,-1144.106
666.8698,366.1976,-1151.755
674.2374,364.0079,-1159.356
681.5493,361.7771,-1166.91
688.801,359.5057,-1174.413
695.99,357.1939,-1181.865
703.1133,354.8419,-1189.263
710.167,352.4502,-1196.605
717.151,350.018,-1203.892
724.0614,347.5461,-1211.121
730.8951,345.0344,-1218.29
737.6497,342.4831,-1225.397
744.3209,339.8929,-1232.44
750.9087,337.263,-1239.42
757.4091,334.5939,-1246.334
763.8192,331.8859,-1253.18
770.1364,329.1389,-1259.956
776.3566,326.3538,-1266.66
782.4797,323.5295,-1273.293
788.5049,320.6676,-1279.854
794.4367,317.7697,-1286.342
800.2804,314.838,-1292.762
806.0399,311.8747,-1299.112
811.7224,308.8807,-1305.398
817.332,305.8586,-1311.62
822.8739,302.8102,-1317.779
828.3528,299.7373,-1323.878
833.7742,296.6421,-1329.917
839.142,293.5269,-1335.899
844.4631,290.3926,-1341.827
849.7419,287.2415,-1347.7
854.9833,284.0757,-1353.522
860.1926,280.897,-1359.295
865.3735,277.7081,-1365.017
870.5333,274.5095,-1370.695
875.6761,271.3038,-1376.328
880.8071,268.093,-1381.918
885.9311,264.8788,-1387.466
891.0523,261.664,-1392.975
896.1779,258.4492,-1398.446
901.3118,255.2368,-1403.882
906.4592,252.0289,-1409.284
911.6252,248.8273,-1414.654
916.8136,245.6347,-1419.992
922.0319,242.4515,-1425.302
927.284,239.2805,-1430.586
932.575,236.1235,-1435.844
937.9099,232.9825,-1441.078
943.2928,229.8599,-1446.29
948.7308,226.7565,-1451.483
954.2281,223.6748,-1456.658
959.7897,220.6167,-1461.817
965.4207,217.5841,-1466.961
971.126,214.579,-1472.092
976.9097,211.6039,-1477.211
982.7793,208.6595,-1482.322
988.7385,205.7483,-1487.425
994.7925,202.8722,-1492.523
1000.946,200.0332,-1497.616
1007.204,197.2337,-1502.706
1013.573,194.4745,-1507.797
1020.057,191.7582,-1512.89
1026.661,189.0866,-1517.985
1033.39,186.4617,-1523.085
1040.249,183.8858,-1528.191
1047.244,181.3599,-1533.306
1054.38,178.8864,-1538.431
1061.661,176.4672,-1543.569
1069.093,174.1043,-1548.72
1076.679,171.8,-1553.885
1084.427,169.5552,-1559.069
1092.338,167.3706,-1564.267
1100.412,165.2452,-1569.474
1108.648,163.1782,-1574.686
1117.045,161.1691,-1579.897
1125.606,159.2162,-1585.103
1134.33,157.319,-1590.299
1143.217,155.4767,-1595.479
1152.266,153.6882,-1600.639
1161.476,151.9532,-1605.772
1170.851,150.27,-1610.876
1180.388,148.638,-1615.944
1190.088,147.0564,-1620.971
1199.95,145.5244,-1625.953
1209.976,144.0409,-1630.885
1220.161,142.6053,-1635.76
1230.512,141.2164,-1640.575
1241.025,139.8733,-1645.325
1251.701,138.5753,-1650.004
1262.54,137.3214,-1654.607
1273.539,136.111,-1659.129
1284.703,134.9427,-1663.566
1296.029,133.8159,-1667.913
1307.519,132.7298,-1672.164
1319.171,131.6832,-1676.314
1330.984,130.6757,-1680.358
1342.961,129.7059,-1684.291
1355.101,128.7732,-1688.109
1367.404,127.8765,-1691.807
1379.87,127.0152,-1695.378
1392.496,126.1883,-1698.818
1405.287,125.3947,-1702.124
1418.241,124.6337,-1705.288
1431.358,123.9044,-1708.306
1444.637,123.2059,-1711.174
1458.077,122.5374,-1713.885
1471.682,121.8979,-1716.436
1485.45,121.2864,-1718.822
1499.38,120.7022,-1721.036
1513.474,120.1443,-1723.075
1527.73,119.6118,-1724.932
1542.146,119.1041,-1726.604
1556.728,118.6199,-1728.085
1571.472,118.1585,-1729.37
1586.38,117.719,-1730.454
1601.45,117.3005,-1731.332
1616.68,116.9021,-1731.999
1632.076,116.523,-1732.45
1647.635,116.1621,-1732.681
1663.356,115.8188,-1732.685
1679.24,115.4919,-1732.458
1695.284,115.1808,-1731.996
1711.493,114.8846,-1731.294
1727.858,114.603,-1730.354
1744.372,114.336,-1729.182
1761.026,114.0835,-1727.78
1777.812,113.8456,-1726.155
1794.727,113.6221,-1724.308
1811.762,113.4129,-1722.246
1828.909,113.2181,-1719.972
1846.161,113.0374,-1717.49
1863.507,112.871,-1714.805
1880.946,112.7187,-1711.921
1898.468,112.5804,-1708.842
1916.066,112.4562,-1705.572
1933.732,112.3458,-1702.115
1951.459,112.2494,-1698.477
1969.236,112.1668,-1694.661
1987.063,112.0979,-1690.67
2004.929,112.0427,-1686.51
2022.827,112.0011,-1682.185
2040.748,111.9731,-1677.699
2058.684,111.9586,-1673.056
2076.633,111.9576,-1668.26
2094.584,111.9699,-1663.316
2112.531,111.9955,-1658.228
2130.465,112.0345,-1653
2148.376,112.0866,-1647.637
2166.264,112.1518,-1642.141
2184.118,112.2301,-1636.519
2201.931,112.3215,-1630.773
2219.695,112.4258,-1624.908
2237.399,112.543,-1618.931
2255.044,112.673,-1612.841
2272.618,112.8158,-1606.646
2290.115,112.9713,-1600.349
2307.525,113.1395,-1593.954
2324.84,113.3202,-1587.468
2342.059,113.5134,-1580.89
2359.17,113.7192,-1574.228
2376.167,113.9373,-1567.485
2393.043,114.1678,-1560.666
2409.786,114.4105,-1553.776
2426.396,114.6655,-1546.816
2442.862,114.9326,-1539.793
2459.177,115.2119,-1532.71
2475.334,115.5031,-1525.572
2491.325,115.8064,-1518.383
2507.141,116.1215,-1511.149
2522.779,116.4485,-1503.87
2538.23,116.7873,-1496.553
2553.486,117.1378,-1489.203
2568.539,117.5,-1481.822
2583.381,117.8738,-1474.417
2598.011,118.2586,-1466.985
2612.426,118.653,-1459.525
2626.625,119.0553,-1452.03
2640.61,119.4639,-1444.494
2654.376,119.877,-1436.913
2667.93,120.2933,-1429.279
2681.269,120.7109,-1421.587
2694.392,121.1283,-1413.833
2707.299,121.5438,-1406.01
2719.988,121.9557,-1398.115
2732.464,122.3626,-1390.138
2744.725,122.7627,-1382.076
2756.77,123.1544,-1373.923
2768.598,123.5361,-1365.673
2780.208,123.9061,-1357.323
2791.605,124.2629,-1348.864
2802.785,124.6047,-1340.291
2813.75,124.93,-1331.599
2824.498,125.2372,-1322.783
2835.03,125.5245,-1313.837
2845.343,125.7904,-1304.757
2855.442,126.0332,-1295.534
2865.324,126.2514,-1286.164
2874.99,126.4432,-1276.641
2884.439,126.6071,-1266.96
2893.67,126.7414,-1257.118
2902.685,126.8445,-1247.104
2911.484,126.9147,-1236.916
2920.066,126.9505,-1226.547
2928.43,126.9502,-1215.992
2936.577,126.9121,-1205.248
2944.507,126.8347,-1194.304
2952.22,126.7163,-1183.158
2959.716,126.5553,-1171.802
2966.995,126.35,-1160.234
2974.055,126.0989,-1148.447
2980.898,125.8002,-1136.434
2987.525,125.4524,-1124.189
2993.933,125.0538,-1111.708
3000.124,124.6029,-1098.985
3006.096,124.098,-1086.017
3011.851,123.5373,-1072.793
3017.388,122.9194,-1059.311
3022.708,122.2425,-1045.564
3027.809,121.5051,-1031.547
3032.691,120.7056,-1017.258
3037.356,119.8422,-1002.684
3041.802,118.9133,-987.8239
3046.031,117.9174,-972.6713
3050.041,116.8528,-957.2208
3053.832,115.7178,-941.4667
3057.404,114.5113,-925.4072
3060.758,113.2333,-909.0408
3063.895,111.8866,-892.3839
3066.812,110.474,-875.4506
3069.512,108.9982,-858.255
3071.993,107.462,-840.8145
3074.257,105.8675,-823.136
3076.304,104.2178,-805.237
3078.133,102.5155,-787.1315
3079.744,100.7633,-768.8334
3081.138,98.96408,-750.3604
3082.315,97.11996,-731.7189
3083.276,95.23392,-712.9269
3084.02,93.30861,-693.998
3084.547,91.34669,-674.9464
3084.857,89.35128,-655.7898
3084.951,87.32421,-636.5345
3084.83,85.26855,-617.1983
3084.491,83.18698,-597.7952
3083.937,81.08216,-578.3391
3083.167,78.95721,-558.8478
3082.183,76.81391,-539.3275
3080.982,74.65538,-519.7962
3079.565,72.48429,-500.2678
3077.935,70.3033,-480.7561
3076.088,68.11507,-461.2753
3074.027,65.92273,-441.843
3071.751,63.72806,-422.4655
3069.261,61.53417,-403.1607
3066.556,59.34373,-383.9426
3063.637,57.15941,-364.825
3060.504,54.98431,-345.8257
3057.156,52.82023,-326.9511
3053.595,50.67028,-308.219
3049.82,48.53712,-289.6432
3045.832,46.42344,-271.2379
3041.63,44.3323,-253.0205
3037.215,42.26554,-234.9978
3032.586,40.22626,-217.1873
3027.745,38.21712,-199.6031
3022.69,36.2408,-182.2591
3017.424,34.30034,-165.1725
3011.945,32.39764,-148.3506
3006.252,30.53577,-131.8108
3000.348,28.71738,-115.5671
2994.231,26.94515,-99.63326
2987.904,25.2221,-84.02645
2981.364,23.55019,-68.75444
2974.612,21.93245,-53.83428
2967.648,20.37154,-39.27995
2960.473,18.87014,-25.10541
2953.086,17.43093,-11.32461
2945.491,16.05643,2.047823
2937.689,14.7458,15.01822
2929.687,13.49792,27.59042
2921.494,12.31137,39.77092
2913.114,11.18477,51.56623
2904.558,10.1169,62.98068
2895.827,9.10596,74.02525
2886.931,8.150749,84.70417
2877.876,7.249871,95.02399
2868.669,6.40192,104.9912
2859.318,5.605649,114.6104
2849.827,4.859342,123.892
2840.203,4.161756,132.8405
2830.454,3.511491,141.4624
2820.585,2.907146,149.7644
2810.606,2.347422,157.7512
2800.52,1.830698,165.4326
2790.335,1.355687,172.8136
2780.058,0.920987,179.9005
2769.695,0.525194,186.7
2759.255,0.166974,193.2172
2748.741,-0.155216,199.4613
2738.162,-0.442704,205.4375
2727.523,-0.696892,211.1523
2716.833,-0.919183,216.6121
2706.098,-1.110942,221.8226
2695.323,-1.273649,226.7922
2684.516,-1.408665,231.5265
2673.683,-1.517391,236.032
2662.831,-1.601229,240.315
2651.967,-1.661583,244.3823
2641.1,-1.699848,248.2395
2630.231,-1.717442,251.8948
2619.37,-1.715756,255.3537
2608.524,-1.696194,258.6229
2597.699,-1.660157,261.7088
2586.904,-1.609059,264.6174
2576.141,-1.544281,267.3564
2565.419,-1.467235,269.9317
2554.745,-1.379323,272.3498
2544.125,-1.281946,274.6172
2533.569,-1.176528,276.74
2523.078,-1.064431,278.7256
2512.662,-0.947075,280.58
2502.327,-0.825863,282.3099
2492.08,-0.702197,283.9216
2481.929,-0.577504,285.4214
2471.877,-0.453137,286.8165
2461.933,-0.330522,288.113
2452.104,-0.211061,289.3174
2442.396,-0.096157,290.4363
2432.817,0.012768,291.476
2423.365,0.114724,292.4422
2414.027,0.209689,293.3372
2404.785,0.29784,294.1628
2395.62,0.379357,294.9207
2386.515,0.454418,295.6129
2377.453,0.523189,296.2411
2368.414,0.585875,296.8072
2359.38,0.64264,297.313
2350.334,0.693664,297.7603
2341.259,0.739124,298.151
2332.137,0.779192,298.4867
2322.948,0.814061,298.7696
2313.675,0.843903,299.0013
2304.301,0.868896,299.1837
2294.806,0.889218,299.3185
2285.176,0.905044,299.4076
2275.388,0.916561,299.4528
2265.427,0.923942,299.456
2255.275,0.927366,299.419
2244.914,0.927012,299.3436
2234.326,0.92306,299.2316
2223.493,0.915686,299.0849
2212.395,0.905069,298.9053
2201.017,0.891388,298.6945
2189.339,0.874821,298.4545
2177.347,0.855551,298.1872
2165.018,0.833749,297.8941
2152.336,0.809596,297.5772
2139.283,0.783272,297.2384
2125.841,0.754955,296.8795
2111.995,0.72483,296.5023
2097.722,0.693062,296.1085
2083.007,0.659837,295.7001
2067.831,0.625333,295.2788
2052.176,0.589729,294.8466
2036.026,0.553202,294.4051
2019.364,0.51594,293.9564
2002.166,0.478105,293.502
1984.419,0.439883,293.0439
1966.103,0.401454,292.584
1947.201,0.362995,292.124
1927.699,0.324693,291.6658
1907.572,0.286711,291.2112
1886.804,0.249234,290.7619
1865.379,0.212443,290.3199
1843.278,0.176515,289.887
1820.488,0.141635,289.465
1796.981,0.107968,289.0557
1772.745,0.0757,288.6609
1747.762,0.045009,288.2826
1722.013,0.016074,287.9223
1695.486,-0.010925,287.5822
1668.178,-0.035922,287.2628
1640.126,-0.058962,286.9638
1611.367,-0.080104,286.6847
1581.936,-0.099405,286.425
1551.877,-0.11692,286.1842
1521.213,-0.132715,285.9618
1489.985,-0.146843,285.7573
1458.229,-0.159362,285.5702
1425.983,-0.170332,285.4001
1393.281,-0.179809,285.2463
1360.167,-0.18785,285.1086
1326.662,-0.194517,284.9862
1292.81,-0.199867,284.8788
1258.646,-0.203956,284.7859
1224.207,-0.206844,284.7068
1189.535,-0.208587,284.6413
1154.653,-0.209246,284.5887
1119.603,-0.208876,284.5486
1084.421,-0.207538,284.5204
1049.143,-0.205287,284.5037
1013.813,-0.202184,284.498
978.4519,-0.198286,284.5027
943.103,-0.19365,284.5175
907.8021,-0.188335,284.5417
872.5854,-0.182399,284.575
837.4957,-0.175901,284.6167
802.5548,-0.168897,284.6664
767.806,-0.161446,284.7237
733.2853,-0.153606,284.788
699.0283,-0.145436,284.8588
665.0779,-0.136995,284.9355
631.4567,-0.128337,285.0179
598.2072,-0.119523,285.1053
565.3654,-0.110611,285.1971
532.9673,-0.101658,285.2931
501.049,-0.092723,285.3926
469.6524,-0.083866,285.4951
438.8012,-0.075141,285.6002
408.5375,-0.066607,285.7073
378.8974,-0.058324,285.8161
349.9168,-0.050349,285.9258
321.6372,-0.042741,286.0362
294.0833,-0.035557,286.1466
267.2969,-0.028854,286.2567
256.2969,-0.028854,286.2567
