x,y
2.540505654734975849e+02,5.517414020736289331e+02
2.380222782527660002e+02,5.507613239681987807e+02
2.221182364929325388e+02,5.509895936586104881e+02
2.062194287216326245e+02,5.515640825378335421e+02
1.902173925014312772e+02,5.516137841101606227e+02
1.741541282861160198e+02,5.501410648654756415e+02
1.584304897780371277e+02,5.460608007981504670e+02
1.445239732276090763e+02,5.383156698225473065e+02
1.340302060570251115e+02,5.263048891675032337e+02
1.277835572093482597e+02,5.113887042418189139e+02
1.264099783223624627e+02,4.954631555620735526e+02
1.297039257861210899e+02,4.799450225346398611e+02
1.349161131204692197e+02,4.647515262559882672e+02
1.403801347558288342e+02,4.496805827275608181e+02
1.459981164482161660e+02,4.347034169506238754e+02
1.517382877169330584e+02,4.197985578144254077e+02
1.575688780812814400e+02,4.049445342082143497e+02
1.634581170605631826e+02,3.901198750212391246e+02
1.693742341740801578e+02,3.753031091427484967e+02
1.752888943909614170e+02,3.604753217457644041e+02
1.811946821388233104e+02,3.456331639626364449e+02
1.870920558870519983e+02,3.307791459212522227e+02
1.929814883962792464e+02,3.159157883834717495e+02
1.988634524271371617e+02,3.010456121111552079e+02
2.047384207402575669e+02,2.861711378661627805e+02
2.106068660962725971e+02,2.712948864103549909e+02
2.164692612558141036e+02,2.564193785055916806e+02
2.223260789795141079e+02,2.415471349137332027e+02
2.281777920280045464e+02,2.266806763966397682e+02
2.340248731619173554e+02,2.118225237161714176e+02
2.398677951418846135e+02,1.969751976341887030e+02
2.457070315545249457e+02,1.821412145840754420e+02
2.515437443505931014e+02,1.673194837166559239e+02
2.573810324115918888e+02,1.524987639495536200e+02
2.632223328121154964e+02,1.376660419435642382e+02
2.690710826267576294e+02,1.228083043594835004e+02
2.749307189301125618e+02,1.079125378581071146e+02
2.808046787967741693e+02,9.296572910023095915e+01
2.867387456036316280e+02,7.798392677508886095e+01
2.937246108411508771e+02,6.363235097547899244e+01
3.034623665528711172e+02,5.112344782446917435e+01
3.158463854024690818e+02,4.093741414673821311e+01
3.299595305772163556e+02,3.320304131460948582e+01
3.452321057950902059e+02,2.813151883455726221e+01
3.611710580089679183e+02,2.595245924242712121e+01
3.772833341717272901e+02,2.689547507406469506e+01
3.930015007080560281e+02,3.119127384922368762e+01
4.069724236617575457e+02,3.908212968034843016e+01
4.175228576205169020e+02,5.071652720365647582e+01
4.246869321971603881e+02,6.510463987970575772e+01
4.295711288100887373e+02,8.058166310345315253e+01
4.331097385614829705e+02,9.627420957664423895e+01
4.360723646095103163e+02,1.120074997332014135e+02
4.392231125144578527e+02,1.276300748664501725e+02
4.433240806711202708e+02,1.429907759319500826e+02
4.487766136907698069e+02,1.579923030638373405e+02
4.552118676928467949e+02,1.726525393093992022e+02
4.623438648851137032e+02,1.869841976112380735e+02
4.701183991783286160e+02,2.009744940184855864e+02
4.784961321117110060e+02,2.146090090124529866e+02
4.874377252244799479e+02,2.278733230744515197e+02
4.969038400558551416e+02,2.407530166857927725e+02
5.068511185061753395e+02,2.532398853628100426e+02
5.171943071186099132e+02,2.653905018617355722e+02
5.278232540528410937e+02,2.772999360102944593e+02
5.386274785211777498e+02,2.890637662439538076e+02
5.494964997359272729e+02,3.007775709981803516e+02
5.603201013281213818e+02,3.125366837228526151e+02
5.710661592383361267e+02,3.243640848582506919e+02
5.818890981179010851e+02,3.361099163060281398e+02
5.929706097809142875e+02,3.475990567722551532e+02
6.044197291529933409e+02,3.587278015428904610e+02
6.160364267998487549e+02,3.696962342990638035e+02
6.275386302496015105e+02,3.807850783001181298e+02
6.387834821416489604e+02,3.921348545240915087e+02
6.500353703920211501e+02,4.034759509558459740e+02
6.616310271457017507e+02,4.144659131304513267e+02
6.736559271381044027e+02,4.250174701986485957e+02
6.856831694370507648e+02,4.355637334788610247e+02
6.972234303218580180e+02,4.466012125108728696e+02
7.078103308645127072e+02,4.585854261520112232e+02
7.172006745039374209e+02,4.715731798057426545e+02
7.252769535310753781e+02,4.853967367802559920e+02
7.319730825956661420e+02,4.998861542504611180e+02
7.375517436107726326e+02,5.148735142176775526e+02
7.424079555358390508e+02,5.301917740406921666e+02
7.466172540613067667e+02,5.457182714587534065e+02
7.493646049715047184e+02,5.614539065039676871e+02
7.496901120910285954e+02,5.774148159547692103e+02
7.470602228859034994e+02,5.933252309982000270e+02
7.415466164442239005e+02,6.084949976225972250e+02
7.332670381648598550e+02,6.222024214990896098e+02
7.223428230497819413e+02,6.337302104477904550e+02
7.090953823888654597e+02,6.426064380305053874e+02
6.941482402623797725e+02,6.487292052265049733e+02
6.781669660384973213e+02,6.520316032970096103e+02
6.618382972652020726e+02,6.524521280812466557e+02
6.458502897322671288e+02,6.499296119868508868e+02
6.308909992294655922e+02,6.444028874214574216e+02
6.176484131080758289e+02,6.358108562549896305e+02
6.065762761983281735e+02,6.243301669865752501e+02
5.973704005098459220e+02,6.109067390933744264e+02
5.895757896073674829e+02,5.966254771352131456e+02
5.828016537222126772e+02,5.820969251046916497e+02
5.767298716447116931e+02,5.673947497399567510e+02
5.710462349735053067e+02,5.525637347701202771e+02
5.654494769578325304e+02,5.376571453982147659e+02
5.596808124779879563e+02,5.227560876999011725e+02
5.534901598994105143e+02,5.079473716895843722e+02
5.465755099734629994e+02,4.933904190581763487e+02
5.383062344283709990e+02,4.797041676639809111e+02
5.279415815941655410e+02,4.676759828829241883e+02
5.153662850388296874e+02,4.577192506843049955e+02
5.012366464040139817e+02,4.497857464052328851e+02
4.861814441307470247e+02,4.439098581655298972e+02
4.705222190715893475e+02,4.405802834603744600e+02
4.545051776190082933e+02,4.402790284822190756e+02
4.384248230692187462e+02,4.416292786093110863e+02
4.226131226338808347e+02,4.418123325177743936e+02
4.073662278958846628e+02,4.384431045993872544e+02
3.927725679531713467e+02,4.317973721756017653e+02
3.788477511885655531e+02,4.230837241573913730e+02
3.656002121919951833e+02,4.134893195588440449e+02
3.528781090733237988e+02,4.036945735855060207e+02
3.403709284208600252e+02,3.938782318231527597e+02
3.278216716256450809e+02,3.841541521482428152e+02
3.152078385235396922e+02,3.744671171858563525e+02
3.025639346335506161e+02,3.647208080082872925e+02
2.899244654746852348e+02,3.548189056878299539e+02
2.774298134888329628e+02,3.445992201907918684e+02
2.658550461466208503e+02,3.335046935211546497e+02
2.561853606465177222e+02,3.208652386985691010e+02
2.489427067303016372e+02,3.066233632550457742e+02
2.442429239393758564e+02,2.912583740283063207e+02
2.421881179807161573e+02,2.752677313345587891e+02
2.428803945612982318e+02,2.591488954900111139e+02
2.464151376124142985e+02,2.434016671864101795e+02
2.527760602751883710e+02,2.285647284465678979e+02
2.618548591820189131e+02,2.152087994326690819e+02
2.734931197512057111e+02,2.038869859606161299e+02
2.871801070711621264e+02,1.950142671362670796e+02
3.022462896531618526e+02,1.889433660816317229e+02
3.180244068491736016e+02,1.860161815343300304e+02
3.340222668439254790e+02,1.859684090172011963e+02
3.500149565628578898e+02,1.876104361274095425e+02
3.658575061845172058e+02,1.899175827748940719e+02
3.815853449618340392e+02,1.926282135394989155e+02
3.972692340896894621e+02,1.956301386125527131e+02
4.129746996594572579e+02,1.987254036072075110e+02
4.287457990122734941e+02,2.013643403059529362e+02
4.446210197183236801e+02,2.029074719854095008e+02
4.605985655845468045e+02,2.029180773349108620e+02
4.765682690812347460e+02,2.015048876146265684e+02
4.924019248901051924e+02,1.988674215424961460e+02
5.079904479584961905e+02,1.952085997128056647e+02
5.233457742691406338e+02,1.907528747741505128e+02
5.385270489051177947e+02,1.857330988150187068e+02
5.535935244921770391e+02,1.803821430578827858e+02
5.686044536560688130e+02,1.749328787252154598e+02
5.836190673571531988e+02,1.696179573294835450e+02
5.986872912476048896e+02,1.645756646987769045e+02
6.138352825508726482e+02,1.597032496102449670e+02
6.290854580063424919e+02,1.548600283694302959e+02
6.444602298131898124e+02,1.499057410960040500e+02
6.599782564326591228e+02,1.450505273945192641e+02
6.756476447606016791e+02,1.414894819053257891e+02
6.914746612203588256e+02,1.405894891972872927e+02
7.072907287189960925e+02,1.433903717342763287e+02
7.222467856319341308e+02,1.496590383024278879e+02
7.353905668037660917e+02,1.588559560790699834e+02
7.462939449551989810e+02,1.704684243724849466e+02
7.547911047375589533e+02,1.839971709959226871e+02
7.607181828211652146e+02,1.989430236921207040e+02
7.639113158763373121e+02,2.148068102038164966e+02
7.642260348846913303e+02,2.310710796924541910e+02
7.616375652836934478e+02,2.471055727330846423e+02
7.561667497642500848e+02,2.622370369497546676e+02
7.478345208437058318e+02,2.757921353076737887e+02
7.367511862465407830e+02,2.871674552158329448e+02
7.234741051912691319e+02,2.961093435754110033e+02
7.087001273205241887e+02,3.024732803529194598e+02
6.931259757631721641e+02,3.061150340624638488e+02
6.773012668941620404e+02,3.071054210867729353e+02
6.613605246322582616e+02,3.061220603217708458e+02
6.453655816589346159e+02,3.039488342796387315e+02
6.293781542947873504e+02,3.013681975234096626e+02
6.134399862384003654e+02,2.989175060134675732e+02
5.975503707350318336e+02,2.966131752555183425e+02
5.817031707604509165e+02,2.944049819602848856e+02
5.658922492904279125e+02,2.922427028384904020e+02
5.501114693007318692e+02,2.900761146008575224e+02
5.343546937671328578e+02,2.878549939581094463e+02
5.186157856654006082e+02,2.855291176209692594e+02
5.028886285311597817e+02,2.830485920237745745e+02
4.871687983175149270e+02,2.803906653299863478e+02
4.714547988688375995e+02,2.775795410391905875e+02
4.557454252025349888e+02,2.746440922669283964e+02
4.400394723360144553e+02,2.716131921287405930e+02
4.243357352866831320e+02,2.685157137401683372e+02
4.086330090719482655e+02,2.653805302167524474e+02
3.929300887092171592e+02,2.622365146740339128e+02
3.772257692158971736e+02,2.591125402275539500e+02
3.615188456093953278e+02,2.560374799928531502e+02
3.458081129071190389e+02,2.530402070854727867e+02
3.300923661264756674e+02,2.501495946209536783e+02
3.143702107728819897e+02,2.473925920200406665e+02
2.986382486719763847e+02,2.447758097879278125e+02
2.828918777383264569e+02,2.422936377916378206e+02
2.671264794579288946e+02,2.399402991353588561e+02
2.513374353167803292e+02,2.377100169232790279e+02
2.355201268008774775e+02,2.355970142595863592e+02
2.196699353962169710e+02,2.335955142484690441e+02
2.037822425887955546e+02,2.316997399941152480e+02
1.878524298646098600e+02,2.299039146007130512e+02
1.718786395377796623e+02,2.282288947203074656e+02
1.558794809067388769e+02,2.268929808087253264e+02
1.398827612404717513e+02,2.262032056071469412e+02
1.239163317245811271e+02,2.264670255178131697e+02
1.080112517549612221e+02,2.279947688976511131e+02
9.238515249162267651e+01,2.312637811017272611e+02
7.753523470953192032e+01,2.369773090968566578e+02
6.386490098869459331e+01,2.452955315795134936e+02
5.167225518738953838e+01,2.558745336124745222e+02
4.124751652073999253e+01,2.683293254464675215e+02
3.287661233038284792e+01,2.822509707790418361e+02
2.684527666057738671e+01,2.972294548029983616e+02
2.343924355558289108e+01,3.128547627111383349e+02
2.294424705965860767e+01,3.287168796962625947e+02
2.551472982987047899e+01,3.444381242080688139e+02
3.021290301917068177e+01,3.599097996050711004e+02
3.556760985424201493e+01,3.751568617727672290e+02
4.075376897428919420e+01,3.902250481429432512e+02
4.605210427173343390e+01,4.051938185686727252e+02
5.184993143166514074e+01,4.200799643903550873e+02
5.853081015333523140e+01,4.346607414923936403e+02
6.646699571550350072e+01,4.486550962195690317e+02
7.584418039875045281e+01,4.617115791500397677e+02
8.668725303699268636e+01,4.734180649400831271e+02
9.901583810634315341e+01,4.833604418472430666e+02
1.128491912280521490e+02,4.911248440026200797e+02
1.280547122505660980e+02,4.963986304983284867e+02
1.441146545971508601e+02,4.991258937146098447e+02
1.604511271128764633e+02,4.992908175769302943e+02
1.764862386428131913e+02,4.968775860107564313e+02
1.916426755060130631e+02,4.918708096166291739e+02
2.055513445514943953e+02,4.844089457709144426e+02
2.183592678464139851e+02,4.750117911073380697e+02
2.302920592376689228e+02,4.642572109424852442e+02
2.415753325721561282e+02,4.527230705929407577e+02
2.524483918495915873e+02,4.409510622522504946e+02
2.632406165237857749e+02,4.292448741612764707e+02
2.743177771704359316e+02,4.178120003866478669e+02
2.858696630831614129e+02,4.067410555023656116e+02
2.974654161627177018e+02,3.957025843635869364e+02
3.085988142680023429e+02,3.843191462494941675e+02
3.194248193493208987e+02,3.726886540630742957e+02
3.305016959349626973e+02,3.611989722418801989e+02
3.423585965073944521e+02,3.502502905518809939e+02
3.551578664625080251e+02,3.403289898400165612e+02
3.688422695888401108e+02,3.319730474920937695e+02
3.833516056796567000e+02,3.257211373634417555e+02
3.986196169794313846e+02,3.220811704772409030e+02
4.144687930500207358e+02,3.209960689942427621e+02
4.306240380085280890e+02,3.219131743114405140e+02
4.468069466011368149e+02,3.242630214202018237e+02
4.627391135977775889e+02,3.274761453646704012e+02
4.782126596613725269e+02,3.311398229419291965e+02
4.932959423035953819e+02,3.354552593385171235e+02
5.081243855138868639e+02,3.407631052533155867e+02
5.228198454905534618e+02,3.471395841578438990e+02
5.374893523142993672e+02,3.543883853705448814e+02
5.517890186966934607e+02,3.625808883030144329e+02
5.641784818592864212e+02,3.725331812466718588e+02
5.729985693533659514e+02,3.851252997426905154e+02
5.779964366409531067e+02,4.001809576320370638e+02
5.801416611568430426e+02,4.166056825725007684e+02
5.804445281387442037e+02,4.332744257572669540e+02
5.797971401195318322e+02,4.493327055158219991e+02
5.785878351404949171e+02,4.650793571207027526e+02
5.770514709884946569e+02,4.810996408766800982e+02
5.748037148437776978e+02,4.973102014547106933e+02
5.707240381554711348e+02,5.128327183828708939e+02
5.636490130379816037e+02,5.267425472643444664e+02
5.526293608254591163e+02,5.380891013191536558e+02
5.385499521897592103e+02,5.457191305169283169e+02
5.229057779251461398e+02,5.494990283580604000e+02
5.067048927627363355e+02,5.510054689204037004e+02
4.906670998059155977e+02,5.516343242319246656e+02
4.747698285445576971e+02,5.518119157640375079e+02
4.588593392517104803e+02,5.517755384105315670e+02
4.428900473829071416e+02,5.516515706428413068e+02
4.268968735323747978e+02,5.514838278679765153e+02
4.109087114966918648e+02,5.513141542243859021e+02
3.949289199404041710e+02,5.511843804134274478e+02
3.789557376012355689e+02,5.511363344422533146e+02
3.629874032169096836e+02,5.512118443180153236e+02
3.470221555251503105e+02,5.514527380478654095e+02
3.310582332636812453e+02,5.519008436389553935e+02
3.150938751702259424e+02,5.525979890984370968e+02
2.991273199825083680e+02,5.535860024334624541e+02
